ham,Can ü all decide faster cos my sis going home liao..
spam,"	You've won tkts to the EURO2004 CUP FINAL or £800 CASH, to collect CALL 09058099801 b4190604, POBOX 7876150ppm"
ham,Never blame a day in ur life. Good days give u happiness. Bad days give u experience. Both are essential in life! All are Gods blessings! good morning.:
ham,WHO ARE YOU SEEING?
ham,Thats cool princess!
ham,A bloo bloo bloo I'll miss the first bowl
ham,"Solve d Case : A Man Was Found Murdered On 19 october, AfterNoon. 1,His wife called Police. 2,Police questioned everyone. 3,Wife: Sir,I was sleeping, when the murder took place. 4.Cook: I was cooking. 5.Gardener: I was picking vegetables. 6.House-Maid: I went 2 d post office. 7.Children: We went 2 play.whoz the murderer?"
ham,Correct. So how was work today
ham,Wot u up 2? Thout u were gonna call me!! Txt bak luv K
spam,FreeMsg Hi baby wow just got a new cam moby. Wanna C  pic? or Fancy a chat?Im w8in 4uTxt / rply CHAT to 82242 Hlp 08712317606 Msg150p 2rcv
ham,Mm have some kanji dont eat anything heavy ok
ham,twenty past five he said will this train have been to durham already or not coz i am in a reserved seat
ham,"Ya they are well and fine., BBD(pooja) full pimples..even she become quite black..and ur rite here its too cold, wearing sweatter.."
ham,I want to sent  &lt;#&gt; mesages today. Thats y. Sorry if i hurts
ham,"Yes, my reg is  Ciao!"
ham,How is it possible to teach you. And where.
ham,"Good afternoon, my love ... How goes your day ? How did you sleep ? I hope your well, my boytoy ... I think of you ..."
ham,I'm also came to room.
ham,I know! Grumpy old people. My mom was like you better not be lying. Then again I am always the one to play jokes...
ham,Thanks. Fills me with complete calm and reassurance!
spam,WIN URGENT! Your mobile number has been awarded with a £2000 prize GUARANTEED call 09061790121 from land line. claim 3030 valid 12hrs only 150ppm
ham,I see a cup of coffee animation
ham,Lol I was gonna last month. I cashed some in but I left &lt;#&gt; just in case. I was collecting more during the week cause they announced it on the blog.
ham,I cannot come on Sunday as I HAVE A DATE ON SUNDAY WITH RIMCA!!
ham,"Sorry pa, i dont knw who ru pa?"
spam,"	Get ur 1st RINGTONE FREE NOW! Reply to this msg with TONE. Gr8 TOP 20 tones to your phone every week just £1.50 per wk 2 opt out send STOP 08452810071 16"
ham,Are you planning to come chennai?
spam,Bloomberg -Message center +447797706009 Why wait?  http://careers. bloomberg.com
ham,Hello hun how ru? Its here by the way. Im good. Been on 2 dates with that guy i met in walkabout so far. We have to meet up soon. Hows everyone else?
ham,O. Well uv causes mutations. Sunscreen is like essential thesedays
spam,"SIX chances to win CASH! From 100 to 20,000 pounds txt> CSH11 and send to 87575. "
ham,make that 3! 4  sake?! x
ham,Nobody can decide where to eat and dad wants Chinese
ham,When u love someone Dont make them to love u as much as u do. But Love them so much that they dont want to be loved by anyone except you... Gud nit.
ham,"Sorry, I'll call later..busy somewhere.."
ham,"Sir Goodmorning, Once free call me."
spam,"(Alert) Your Rbc Royal Bank has been suspended. To unlock your account, click here: http://reac.mobi/@mobile"
spam,"complimentary 4 STAR Ibiza Holiday or £10,000 cash needs your URGENT collection. 09066364349 NOW from Landline not to lose out! Box434SK38WP150PPM18+"
ham,Ok leave no need to ask
ham,Ok lor.
ham,If you r @ home then come down within 5 min
ham,Dunno dat's wat he told me. Ok lor...
ham,Lol no ouch but wish i'd stayed out a bit longer
ham,Did you stitch his trouser
ham,"Hi , where are you? We're at  and they're not keen to go out i kind of am but feel i shouldn't so can we go out tomo, don't mind do you?"
ham,"Good! No, don‘t need any receipts—well done! (…) Yes, please tell . What‘s her number, i could ring her"
spam,You are a winner U have been specially selected 2 receive £1000 or a 4* holiday (flights inc) speak to a live operator 2 claim 0871277810910p/min (18+)
ham,"7 wonders in My WORLD 7th You 6th Ur style 5th Ur smile 4th Ur Personality 3rd Ur Nature 2nd Ur SMS and 1st ""Ur Lovely Friendship""... God bless U"
spam,RT-KIng Pro Video Club>> Need help? info@ringtoneking.co.uk or call 08701237397 You must be 16+ Club credits redeemable at www.ringtoneking.co.uk! Enjoy!
ham,Raji..pls do me a favour. Pls convey my Birthday wishes to Nimya. Pls. Today is her birthday.
ham,Ok... Sweet dreams...
ham,So that means you still think of teju
ham,"I av a new number,  . Wil u only use this one,ta."
ham,Yup no more already... Thanx 4 printing n handing it up.
ham,Wat would u like 4 ur birthday?
spam,"Sunshine Hols. To claim ur med holiday send a stamped self address envelope to Drinks on Us UK, PO Box 113, Bray, Wicklow, Eire. Quiz Starts Saturday!"
ham,Thank you princess! I want to see your nice juicy booty...
spam,Freemsg: 1-month unlimited free calls! Activate SmartCall Txt: CALL to No: 68866. Subscriptn3gbp/wk unlimited calls Help: 08448714184 Stop?txt stop landlineonly
spam,"URGENT, IMPORTANT INFORMATION FOR O2 USER. TODAY IS YOUR LUCKY DAY! 2 FIND OUT WHY LOG ONTO HTTP://WWW.URAWINNER.COM THERE IS A FANTASTIC SURPRISE AWAITING FOR YOU"
ham,U don't know how stubborn I am. I didn't even want to go to the hospital. I kept telling Mark I'm not a weak sucker. Hospitals are for weak suckers.
ham,O was not into fps then.
spam,"You are a £1000 winner or Guaranteed Caller Prize, this is our Final attempt to contact you! To Claim Call 09071517866 Now! 150ppmPOBox10183BhamB64XE"
ham,Were trying to find a Chinese food place around here
ham,I am great princess! What are you thinking about me? :)
ham,This is my number by vivek..
ham,Alright i have a new goal now
ham,U definitely need a module from e humanities dis sem izzit? U wan 2 take other modules 1st?
ham,Squeeeeeze!! This is christmas hug.. If u lik my frndshp den hug me back.. If u get 3 u r cute:) 6 u r luvd:* 9 u r so lucky;) None? People hate u:
spam,Please call our customer service representative on 0800 169 6031 between 10am-9pm as you have WON a guaranteed £1000 cash or £5000 prize!
ham,Thank you. do you generally date the brothas?
spam,"Last Chance! Claim ur £150 worth of discount vouchers today! Text SHOP to 85023 now! SavaMob, offers mobile! T Cs SavaMob POBOX84, M263UZ. £3.00 Sub. 16"
spam,YES! The only place in town to meet exciting adult singles is now in the UK. Txt CHAT to 86688 now!
ham,K still are you loving me.
spam,You have an outstanding tax refund of 578.44G8P for the tax year 15/16. Please fill out the following form to process your refund http:///hmrc.taxrebate.co.uk
ham,i cant talk to you now.i will call when i can.dont keep calling.
ham,Fine i miss you very much.
ham,I sent you  6000;  bucks
spam,"URGENT! Your Mobile number has been awarded with a INR.2,00,000 prize GUARANTEED. Call 6200992462 from land line. Claim 3030. Valid 12hrs only"
ham,"I can't speak, bcaz mobile have problem. I can listen you but you cann't listen my voice. So i calls you later."
ham,How many licks does it take to get to the center of a tootsie pop?
spam,"WIN: We have a winner! Mr. T. Foley won an iPod! More exciting prizes soon, so keep an eye on ur mobile or visit www.win-82050.co.uk"
spam,"FreeMsg Why haven't you replied to my text? I'm Randy, sexy, female and live local. Luv to hear from u. Netcollex Ltd 08700621170150p per msg reply Stop to end"
ham,Sorry i now then c ur msg... Yar lor so poor thing... But only 4 one night... Tmr u'll have a brand new room 2 sleep in...
ham,Well done and ! luv ya all
ham,"No i'm not. I can't give you everything you want and need. You actually could do better for yourself on yor own--you've got more money than i do. I can't get work, i can't get a man, i can't pay the rent, i can't even fill my  gas tank. yes, i'm stressed and depressed. I didn't even call home for thanksgiving cuz i'll have to tell them i,m up to nothing."
ham,I was slept that time.you there?
ham,I accidentally deleted the message. Resend please.
ham,Otherwise had part time job and tuition..
ham,K.:)you are the only girl waiting in reception ah?
ham,Ü still got lessons?  Ü in sch?
spam,"Eerie Nokia tones 4u, rply TONE TITLE to 8007 eg TONE DRACULA to 8007 Titles: GHOST, ADDAMSFA, MUNSTERS, EXORCIST, TWILIGHT www.getzed.co.uk POBox36504W45WQ 150p "
spam,"Dear PAYTM customer your paytm KYC has been suspended, paytm office PH 6291628992 Account will block within 24 hour. Thank you. PAYTM TEAM"
ham,Only saturday and sunday holiday so its very difficult:)
ham,Ü collecting ur laptop then going to configure da settings izzit?
ham,Hmmm...k...but i want to change the field quickly da:-)i wanna get system administrator or network administrator..
ham,The message sent is askin for  &lt;#&gt; dollars. Shoul i pay  &lt;#&gt;  or  &lt;#&gt; ?
spam,"As a valued customer, I am pleased to advise you that following recent review of your Mob No. you are awarded with a £1500 Bonus Prize, call 09066368470"
ham,I cant pick the phone right now. Busy in meeting..
ham,"Beautiful Truth against Gravity.. Read carefully: ""Our heart feels light when someone is in it.. But it feels very heavy when someone leaves it"
ham,"I'm home, my love ... If your still awake ... *loving kiss*"
ham,Lol no. I just need to cash in my nitros. Hurry come on before I crash out!
ham,Yes see ya not on the dot
ham,Mm i am on the way to railway
ham,"New Theory: Argument wins d SITUATION, but loses the PERSON. So dont argue with ur friends�."
spam,"	Santa Calling! Would your little ones like a call from Santa Xmas eve? Call 09058094583 to book your time."
ham,My uncles in canada...Wish you guys a great semester.
ham,I am late. I will be there by evening
ham,Good Morning plz call me sir..I want to talk to u�something urgent�
ham,"Im in inperialmusic listening2the weirdest track ever byleafcutter john-sounds like insects being molested&someone plumbing,remixed by evil men on acid!"
spam,Free entry in 2 a weekly comp for a chance to win an ipod. Txt POD to 80182 to get entry (std txt rate) T&C's apply 08452810073 for details 18+
ham,"So many people seems to be special at first sight, But only very few will remain special to you till your last sight.. "
ham,"Nothing, smsing u n xy lor. Sorry lor da guys neva c u in person but they sort of know u lor. So u wan 2 meet them xy ask me 2 bring u along 4 our next meeting."
ham,She.s fine. I have had difficulties with her phone. It works with mine. Can you pls send her another friend request.
ham,"Dont search love, let love find U. Thats why its called falling in love�."
ham,Let me know when you've got the money so carlos can make the call
ham,"Awesome question with a cute answer: Someone asked a boy ""how is ur life?"" . . He smiled &amp; answered: . . ""She is fine!"" Gudnite"
ham,Dude avatar 3d was imp. At one point i thought there were actually flies in the room and almost tried hittng one as a reflex
ham,Can you please send me my aunty's number
spam,UR awarded a City Break and could WIN a £200 Summer Shopping spree every WK. Txt STORE to 88039.SkilGme.TsCs087147403231Winawk!Age16+£1.50perWKsub
ham,Msg me when rajini comes.
spam,PRIVATE! Your 2004 Account Statement for 07742676564 shows 786 unredeemed Bonus Points. To claim call 08719180249 Identifier Code: 45239 Expires
ham,Today iZ Yellow rose day. If u love my frndship give me 1 misscall &amp; send this to ur frndZ &amp; See how many miss calls u get. If u get 6missed U marry ur Lover.
ham,What's up. Do you want me to come online?
ham,Pls give her prometazine syrup. 5mls then  &lt;#&gt; mins later feed.
ham,Goin to workout lor... Muz lose e fats...
ham,"Wow. I never realized that you were so embarassed by your accomodations. I thought you liked it, since i was doing the best i could and you always seemed so happy about ""the cave"". I'm sorry I didn't and don't have more to give. I'm sorry i offered. I'm sorry your room was so embarassing."
ham,Your right! I'll make the appointment right now.
ham,I am taking you for italian food. How about a pretty dress with no panties? :)
ham,Ü all write or wat..
ham,I'm in class. Will holla later
ham,Am not interested to do like that.
ham,Lol ok your forgiven :)
ham,"You aren't coming home between class, right? I need to work out and shower!"
spam,You have 1 new voicemail. Please call 08719181513.
spam,NON-STOP INTERNET and DOWNLOADING with Pocket Internet. Dial *234*2900# and get Games at a special price of Rs.3 everyday. Click and play: http://goo.gl/iRrIJ
ham,"TODAY is Sorry day.! If ever i was angry with you, if ever i misbehaved or hurt you? I am sorry"
ham,"Yo, the game almost over? Want to go to walmart soon"
ham,Ok can...
ham,So wats ur opinion abt him and how abt is character?
ham,And of course you should make a stink!
ham,There are no other charges after transfer charges and you can withdraw anyhow you like
ham,Hey! do u fancy meetin me at 4 at cha  hav a lil beverage on me. if not txt or ring me and we can meet up l8r. quite tired got in at 3 v.pist ;) love Pete x x x
spam,"Dear Customer,U've been selected to stay in F1VE STAR hotels - FOR T0DAY'S DRAW! Holiday valued at INR 5,00,000.Dial 8927307655 to claim"
ham,Ill be at yours in about 3 mins but look out for me
ham,Where r we meeting?
ham,I'm already back home so no probably not
ham,"Sorry, I guess whenever I can get a hold of my connections, maybe an hour or two? I'll text you"
spam,"	UR GOING 2 BAHAMAS! CallFREEFONE 08081560665 and speak to a live operator to claim either Bahamas cruise of£2000 CASH 18+only. To opt out txt X to 07786200117"
ham,Hey morning what you come to ask:-) pa...
ham,Oops I was in the shower when u called. Hey a parking garage collapsed at university hospital. See I'm not crazy. Stuff like that DOES happen.
ham,Senthil group company Apnt 5pm.
spam,2/2 146tf150p�win tickets..call 08701417012
ham,On ma way to school. Can you pls send me ashley's number
ham,"Sorry battery died, yeah I'm here"
ham,She's fine. Good to hear from you. How are you my dear? Happy new year oh.
ham,Wat makes some people dearer is not just bcoz of the  happiness dat u feel when u meet them but bcoz of the pain u feel when u miss dem!!!
ham,I wont do anything de.
ham,This pay is  &lt;DECIMAL&gt;  lakhs:)
ham,I might go 2 sch. Yar at e salon now v boring.
ham,Just hopeing that wasn‘t too pissed up to remember and has gone off to his sisters or something!
ham,"Princess, is your kitty shaved or natural?"
ham,Congrats kano..whr s the treat maga?
spam,"	New TEXTBUDDY Chat 2 horny guys in ur area 4 just 25p Free 2 receive Search postcode or at gaytextbuddy.com. TXT ONE name to 89693"
ham,"Maybe westshore or hyde park village, the place near my house?"
spam,we tried to contact you re your response to our offer of a new nokia fone and camcorder hit reply or call 08000930705 for delivery
ham,"I'm gonna be home soon and i don't want to talk about this stuff anymore tonight, k? I've cried enough today."
ham,Already one guy loving you:-.
ham,what is your account number?
ham,Ard 4 lor...
spam,18 days to Euro2004 kickoff! U will be kept informed of all the latest news and results daily.
ham,Yup i shd haf ard 10 pages if i add figures... Ü all got how many pages?
ham,"Mmmmm ... It was sooooo good to wake to your words this morning, my Love!! Mmmm ... I love you too, my Lion ... *devouring kiss from across the sea*"
ham,"MOON has come to color your dreams, STARS to make them musical and my SMS to give you warm and Peaceful Sleep. Good Night"
ham,Watching tv now.
ham,Same to u...
ham,4 oclock at mine. Just to bash out a flat plan.
ham,Sorry da thangam.it's my mistake.
ham,JADE ITS PAUL. Y DIDNT U TXT ME? DO U REMEMBER ME FROM BARMED? I WANT 2 TALK 2 U! TXT ME
ham,Me hungry buy some food good lei... But mum n yun dun wan juz buy a little bit...
ham,"Honey, can you pls find out how much they sell Predicte in Nigeria. And how many times can it be used. Its very important to have a reply before monday"
ham,Uncle Abbey! Happy New Year. Abiola
ham,You should know now. So how's anthony. Are you bringing money. I've school fees to pay and rent and stuff like that. Thats why i need your help. A friend in need....|
ham,Excellent! Wish we were together right now!
spam,Dear PAYTM customer your Paytm KYC has expired. Contact customer care No-8927307655 immediately. your account will Block within 24 hr. Thank you PAYTM TEAM.
spam,You are entitled to update to the latest colour camera mobile for Free! Call The Mobile Update VCo FREE on 08002986906
spam,"	FreeMsg Today's the day if you are ready! I'm  & live in your town. I love sex fun & games! Netcollex Ltd 08700621170150p per msg reply Stop to end"
ham,How r ü going to send it to me?
ham,Ok..tell me�
ham,Does cinema plus drink appeal tomo? * Is a fr thriller by director i like on at mac at 8.30.
ham,Wow v v impressed. Have funs shopping!
ham,"Hiya, sorry didn't hav signal. I haven't seen or heard from and neither has, which is unusual in itself! I'll put on the case and get him to sort it out! Hugs and snogs."
ham,"Aight will do, thanks again for comin out"
ham,Hmm .. Bits and pieces lol ... *sighs* ...
ham,"Hey, iouri gave me your number, I'm wylie, ryan's friend"
spam,URGENT! Your Mobile number has been awarded with a £2000 Bonus Caller Prize. Call 09058095201 from land line. Valid 12hrs only
ham,Just glad to be talking to you.
spam,URGENT! Your Mobile number has been awarded with a £2000 prize GUARANTEED. Call 09058094454 from land line. Claim 3030. Valid 12hrs only
ham,For me the love should start with attraction.i should feel that I need her every time around me.she should be the first thing which comes in my thoughts.I would start the day and end it with her.she should be there every time I dream.love will be then when my every breath has her name.my life should happen around her.my life will be named to her.I would cry for her.will give all my happiness and take all her sorrows.I will be ready to fight with anyone for her.I will be in love when I will be doing the craziest things for her.love will be when I don't have to proove anyone that my girl is the most beautiful lady on the whole planet.I will always be singing praises for her.love will be when I start up making chicken curry and end up makiing sambar.life will be the most beautiful then.will get every morning and thank god for the day because she is with me.I would like to say a lot..will tell later..
ham,"By the way, i've put a skip right outside the front of the house so you can see which house it is. Just pull up before it."
ham,True dear..i sat to pray evening and felt so.so i sms'd you in some time...
ham,Howz pain.it will come down today.do as i said ystrday.ice and medicine.
ham,Wat happened to the cruise thing
ham,Sorry i din lock my keypad.
ham,"Happy or sad , one thing about past is- ""Its no more"" GOOD MORNING :-):-)."
spam,okmail: Dear Dave this is your final notice to collect your 4* Tenerife Holiday or #5000 CASH award! Call 09061743806 from landline. TCs SAE Box326 CW25WX 150ppm
ham,Mum say we wan to go then go... Then she can shun bian watch da glass exhibition...
ham,"Dude u knw also telugu..thts gud..k, gud nyt.."
ham,i am going to bed now prin
spam,"HOT LIVE FANTASIES call now 08707500020 Just 20p per min NTT Ltd, PO Box 1327 "
spam,"tddnewsletter@emc1.co.uk (More games from TheDailyDraw) Dear Helen, Dozens of Free Games - with great prizesWith.."
ham,Am watching house – very entertaining – am getting the whole hugh laurie thing – even with the stick – indeed especially with the stick.
ham,"It could work, we'll reach a consensus at the next meeting"
ham,Tell my  bad character which u Dnt lik in me. I'll try to change in  &lt;#&gt; . I ll add tat 2 my new year resolution. Waiting for ur reply.Be frank...good morning.
ham,Are you up for the challenge? I know i am :)
ham,S:-)kallis wont play in first two odi:-)
ham,Or u ask they all if next sat can a not. If all of them can make it then i'm ok lor.
ham,Lul im gettin some juicy gossip at the hospital. Two nurses are talking about how fat they are gettin. And one thinks shes obese. Oyea.
ham,Ok�that�s fine
ham,yeah sure thing mate haunt got all my stuff sorted but im going sound anyway promoting hex for .by the way who is this? dont know number. Joke
ham,Pls confirm the time to collect the cheque.
ham,How much for an eighth?
ham,Actually i deleted my old website..now i m blogging at magicalsongs.blogspot.com
ham,No..jst change tat only..
spam,"	You have an important customer service announcement from PREMIER. Call FREEPHONE 0800 542 0578 now!"
ham,Yar lor actually we quite fast... Cos da ge slow wat... Haha...
ham,"Y cant u try new invention to fly..i'm not joking.,"
spam,Jamster! To get your free wallpaper text HEART to 88888 now! T&C apply. 16 only. Need Help? Call 08701213186.
ham,No got new job at bar in airport on satsgettin 4.47per hour but means no lie in! keep in touch
ham,You best watch what you say cause I get drunk
spam,Send a logo 2 ur lover - 2 names joined by a heart. Txt LOVE NAME1 NAME2 MOBNO eg LOVE ADAM EVE 07123456789 to 87077
spam,Santa calling! Would your little ones like a call from Santa Xmas Eve? Call 09077818151 to book you time. Calls1.50ppm last 3mins 30s T&C www.santacalling.com
ham,U're welcome... Caught u using broken english again...
ham,"HEY BABE! FAR 2 SPUN-OUT 2 SPK AT DA MO... DEAD 2 DA WRLD. BEEN SLEEPING ON DA SOFA ALL DAY, HAD A COOL NYTHO, TX 4 FONIN HON, CALL 2MWEN IM BK FRMCLOUD 9! J X"
ham,"Enjoy the showers of possessiveness poured on u by ur loved ones, bcoz in this world of lies, it is a golden gift to be loved truly.."
ham,"Wait, do you know if wesleys in town? I bet she does hella drugs!"
ham,Dude sux for snake. He got old and raiden got buff
ham,What happen dear tell me
ham,Yep then is fine 7.30 or 8.30 for ice age.
ham,Oh did you charge camera
ham,Dunno lei... I thk mum lazy to go out... I neva ask her yet...
spam,Only 1 day left for SAWAN KI BAHAR compt. for Agents/DOs/CLIAs. Qualify the competition and win maximum prizes...SDM
ham,I also thk too fast... Xy suggest one not me. U dun wan it's ok. Going 2 rain leh where got gd.
spam,"This is the 2nd time we have tried 2 contact u. U have won the £750 Pound prize. 2 claim is easy, call 087187272008 NOW1! Only 10p per minute. BT-national-rate."
ham,"K so am I, how much for an 8th? Fifty?"
ham,watever reLation u built up in dis world only thing which remains atlast iz lonlines with lotz n lot memories! feeling..
spam,Had your mobile 11mths ? Update for FREE to Oranges latest colour camera mobiles & unlimited weekend calls. Call Mobile Upd8 on freefone 08000839402 or 2StopTxt
ham,"Good afternoon, my love! How goes that day ? I hope maybe you got some leads on a job. I think of you, boytoy and send you a passionate kiss from across the sea"
ham,Hey no I ad a crap nite was borin without ya 2 boggy with me u boring biatch! Thanx but u wait til nxt time il ave ya
ham,It does it on its own. Most of the time it fixes my spelling. But sometimes it gets a completely diff word. Go figure
ham,I have to take exam with in march 3
ham,Have you bookedthe hut? And also your time off? How are you by the way?
ham,I've told you everything will stop. Just dont let her get dehydrated.
spam,3. You have received your mobile content. Enjoy
spam,"	eeta  (25/F) is inviting you to be her friend. Reply YES-440 or NO-440 See her: www.SMS.ac/u/nat2708198"
spam,"Urgent Message for CIBC Account Holder, Kindly  Login to our secure server to check your information�http://2cibc.mobileupdate.gram pianostudio.com/cibcfullz/Internet Support"
spam,You have 1 new message. Please call 08718738034.
ham,K..k:)how about your training process?
ham,No. But we'll do medical missions to nigeria
spam,Had your mobile 10 mths? Update to latest Orange camera/video phones for FREE. Save £s with Free texts/weekend calls. Text YES for a callback orno to opt out
spam,"	Good Luck! Draw takes place 28th Feb 06. Good Luck! For removal send STOP to 87239 customer services 08708034412"
spam,PRIVATE! Your 2003 Account Statement for 07973788240 shows 800 un-redeemed S. I. M. points. Call 08715203649 Identifier Code: 40533 Expires 31/10/04
ham,What does the dance river do?
ham,"idc get over here, you are not weaseling your way out of this shit twice in a row"
ham,"I'm there and I can see you, but you can't see me ? Maybe you should reboot ym ? I seen the buzz"
ham,I emailed yifeng my part oredi.. Can ü get it fr him..
ham,Yar but they say got some error.
ham,What's ur pin?
ham,Is there coming friday is leave for pongal?do you get any news from your work place.
ham,Yup next stop.
ham,My brother in Atlanta. Wish you guys a great semester.
spam,"Final Chance! Claim ur £150 worth of discount vouchers today! Text YES to 85023 now! SavaMob, member offers mobile! T Cs SavaMob POBOX84, M263UZ. £3.00 Subs 16"
ham,"K, fyi I'm back in my parents' place in south tampa so I might need to do the deal somewhere else"
spam,<Forwarded from 88877>FREE entry into our £250 weekly comp just send the word ENTER to 88877 NOW. 18 T&C www.textcomp.com
ham,Oh ho. Is this the first time u use these type of words
ham,Anyway i'm going shopping on my own now. Cos my sis not done yet. Dun disturb u liao.
ham,Indeed and by the way it was either or - not both !
ham,S'fine. Anytime. All the best with it.
ham,Its sarcasm.. .nt scarcasim
ham,HAPPY NEW YEAR MY NO.1 MAN
ham,"Sweetheart, hope you are not having that kind of day! Have one with loads of reasons to smile. Biola"
ham,Dip's cell dead. So i m coming with him. U better respond else we shall come back.
ham,No. To be nosy I guess. Idk am I over reacting if I'm freaked?
spam,"You've won tkts to the EURO2004 CUP FINAL or £800 CASH, to collect CALL 09058099801 b4190604, POBOX 7876150ppm"
ham,We not leaving yet. Ok lor then we go elsewhere n eat. U thk...
ham,Ya srsly better than yi tho
ham,"OH MR SHEFFIELD! You wanna play THAT game, okay. You're the boss and I'm the nanny. You give me a raise and I'll give YOU one!!"
ham,So u wan 2 come for our dinner tonight a not?
ham,Anyway holla at me whenever you're around because I need an excuse to go creep on people in sarasota
ham,When you came to hostel.
ham,Don't forget though that I love you .... And I walk beside you. Watching over you and keeping your heart warm.
ham,"I promise to take good care of you, princess. I have to run now. Please send pics when you get a chance. Ttyl!"
ham,"They can try! They can get lost, in fact. Tee hee"
ham,Can a not?
ham,"Open rebtel with firefox. When it loads just put plus sign in the user name place, and it will show you two numbers. The lower number is my number. Once you pick that number the pin will display okay!"
ham,It is only yesterday true true.
ham,I was gonna ask you lol but i think its at 7
spam,Ur ringtone service has changed! 25 Free credits! Go to club4mobiles.com to choose content now! Stop? txt CLUB STOP to 87070. 150p/wk Club4 PO Box1146 MK45 2WT
spam,"Final Chance! Claim ur £150 worth of discount vouchers today! Text YES to 85023 now! SavaMob, member offers mobile!"
ham,10 min later k...
ham,Can you open the door?
spam,thesmszone.com lets you send free anonymous and masked messages..im sending this message from there..do you see the potential for abuse???
spam,Panasonic & BluetoothHdset FREE. Nokia FREE. Motorola FREE & DoubleMins & DoubleTxt on Orange contract. Call MobileUpd8 on 08000839402 or call 2optout
ham,Okie..good news!!
ham,Wat u doing there?
ham,Kent vale lor... Ü wait 4 me there ar?
ham,Hi Chachi tried calling u now unable to reach u .. Pl give me a missed cal once u c tiz msg  Kanagu
ham,Oh baby of the house. How come you dont have any new pictures on facebook
ham,"I think we're going to finn's now, come"
spam,Our brand new mobile music service is now live. The free music player will arrive shortly. Just install on your phone to browse content from the top artists.
spam,"This is the 2nd time we have tried 2 contact u. U have won the 750 Pound prize. 2 claim is easy, call 08718726970 NOW! Only 10p per min. BT-national-rate "
ham,I called but no one pick up e phone. I ask both of them already they said ok.
ham,Did u find a sitter for kaitlyn? I was sick and slept all day yesterday.
ham,U still going to the mall?
spam,"	Do you want a New Nokia 3510i colour phone DeliveredTomorrow? With 300 free minutes to any mobil+ Free Camcorder reply or call 08000930705."
spam,"Hi this is Amy, we will be sending you a free phone number in a couple of days, which will give you an access to all the adult parties..."
ham,"Thanx 4 the time weve spent 2geva, its bin mint! Ur my Baby and all I want is u!xxxx"
ham,I enjoy watching and playing football and basketball. Anything outdoors. And you?
ham,I have no money 4 steve mate! !
ham,Lmao. Take a pic and send it to me.
spam,HMRC GOVUK:0ur records show that your tax refund of �398.90 can now be claime. Please continue via:https://ukhmrc-tax-refund.com�to claim your refund.
ham,"True. It is passable. And if you get a high score and apply for phd, you get 5years of salary. So it makes life easier."
spam,Guess what! Somebody you know secretly fancies you! Wanna find out who it is? Give us a call on 09065394514 From Landline DATEBox1282EssexCM61XN 150p/min 18
ham,"We know TAJ MAHAL as symbol of love. But the other lesser known facts 1. Mumtaz was Shahjahan's 4th wife, out of his 7 wifes. 2. Shahjahan killed Mumtaz's husband to marry her. 3. Mumtaz died in her  &lt;#&gt; th delivery. 4. He then married Mumtaz's sister. Question arises where the Hell is the LOVE?:-| -The Great Hari-"
spam,"NOIDA Hottest Property On Express Way * Today Homes Ridge Residency at Sec 135 with2,3,4 BHK available in 2370p/sq. fts *For Query call@9250230534"
ham,"That's fine, have him give me a call if he knows what he wants or has any questions"
ham,Shall i ask one thing if you dont mistake me.
ham,"I am real, baby! I want to bring out your inner tigress..."
ham," ""Miss anything 4 ur ""Best Life"" but, don't miss ur best life for anything... Gud nyt..."
ham,Yo you guys ever figure out how much we need for alcohol? Jay and I are trying to figure out how much we can safely spend on weed
ham,Anything lor if they all go then i go lor...
ham,Let's pool our money together and buy a bunch of lotto tickets. If we win I get &lt;#&gt; % u get &lt;#&gt; %. Deal?
ham,"He has lots of used ones babe, but the model doesn't help. Youi have to bring it over and he'll match it up"
ham,"FRAN I DECIDED 2 GO N E WAY IM COMPLETELY BROKE AN KNACKERED I GOT UP BOUT 3 C U 2MRW LOVE JANX P.S THIS IS MY DADS FONE, -NO CREDIT"
ham,Pls accept me for one day. Or am begging you change the number.
ham,Ü bot notes oredi... Cos i juz rem i got...
ham,Ü called dad oredi...
ham,"Send ur birthdate with month and year, I will tel u ur LIFE PARTNER'S name. and the method of calculation. Reply must."
ham,Hi msg me:)i'm in office..
ham,Hey. You got any mail?
ham,Haha okay... Today weekend leh...
ham,Hi where you. You in home or calicut?
ham,Also andros ice etc etc
spam,Missed call alert. These numbers called but left no message. 07008009200
ham,"swhrt how u dey,hope ur ok, tot about u 2day.love n miss.take care."
spam,As a Registered Subscriber yr draw 4 a £100 gift voucher will b entered on receipt of a correct ans. When are the next olympics. Txt ans to 80062
ham,What makes you most happy?
ham,I.ll give her once i have it. Plus she said grinule greet you whenever we speak
ham,Arun can u transfr me d amt
ham,Do u hav any frnd by name ashwini in ur college?
ham,I know that my friend already told that.
ham,Ok lor. I ned 2 go toa payoh 4 a while 2 return smth u wan 2 send me there or wat?
ham,Its normally hot mail. Com you see!
spam,"Dear Customer,U've been selected to stay in F1VE STAR hotels - FOR T0DAY'S DRAW! Holiday valued at INR 5,00,000.Dial 7908807538 to claim"
ham,It is a good thing I'm now getting the connection to bw
spam,"Todays Vodafone numbers ending 5263 are selected to receive a Rs.2,00,000 award. If you have a match please call 6200992462 quoting claim code 4267 standard rates apply"
spam,"	Hi babe its Jordan, how r u? Im home from abroad and lonely, text me back if u wanna chat xxSP visionsms.com Text stop to stopCost 150p 08712400603"
spam,"SMS. ac JSco: Energy is high, but u may not know where 2channel it. 2day ur leadership skills r strong. Psychic? Reply ANS w/question. End? Reply END JSCO"
ham,"Nah, I'm a perpetual DD"
ham,U calling me right? Call my hand phone...
ham,"Its so common hearin How r u? Wat r u doing? How was ur day? So let me ask u something different. Did u smile today? If not, do it now.... Gud evng."
ham,Like a personal sized or what
ham,"HEY KATE, HOPE UR OK... WILL GIVE U A BUZ WEDLUNCH. GO OUTSOMEWHERE 4 ADRINK IN TOWN..CUD GO 2WATERSHD 4 A BIT? PPL FROMWRK WILL BTHERE. LOVE PETEXXX."
ham,Tell your friends what you plan to do on Valentines day
ham,Ok anyway no need to change with what you said
spam,100 dating service cal;l 09064012103 box334sk38ch
ham,Anything lar then ü not going home 4 dinner?
ham,So u gonna get deus ex?
ham,"life alle mone,eppolum oru pole allalo"
ham,Mm yes dear look how i am hugging you both. :-P
ham,Cbe is really good nowadays:)lot of shop and showrooms:)city is shaping good.
ham,"Haha awesome, I've been to 4u a couple times. Who all's coming?"
ham,1 in cbe. 2 in chennai.
ham,"Ever green  ""A Person Who Irritates u Always Is the one Who Loves u Vry Much!!"
spam,"THIS MOBILE NUMBER HAS GAINED THE SUM US$450,000.00 FROM MML/REF#1001, FOR DETAIL SEND YOUR NAME, ADDRESS AND NUMBER TO EMAIL MEGARESULT@USA.COM"
ham,How are you doing. How's the queen. Are you going for the royal wedding
ham,Oops sorry. Just to check that you don't mind picking me up tomo at half eight from station. Would that be ok?
ham,Book which lesson? then you msg me... I will call up after work or sth... I'm going to get specs. My membership is PX3748
spam,"Free msg. Sorry, a service you ordered from 81303 could not be delivered as you do not have sufficient credit. Please top up to receive the service."
ham,"Height of Confidence: All the Aeronautics professors were askd 2 sit in an aeroplane. Aftr they sat they wer told dat the plane ws made by their students. Dey all hurried out of d plane.. Bt only 1 didnt move... He said:""if it is made by my students,this wont even start........ That is confidence.."
ham,I can't have a friend in the house because i'm embarassed that everything is scattered on the floor. I think we should work on it.
ham,Missing you too.pray inshah allah
ham,We are pleased to inform that your application for Airtel Broadband is processed successfully. Your installation will happen within 3 days.
ham,Am on my way
spam,Buy Space Invaders 4 a chance 2 win orig Arcade Game console. Press 0 for Games Arcade See o2.co.uk/games 4 Terms + settings.
ham,"I had been hoping i would not have to send you this message. My rent is due and i dont have enough for it. My reserves are completely gone. Its a loan i need and was hoping you could her. The balance is  &lt;#&gt; . Is there a way i could get that from you, till mid march when i hope to pay back."
ham,But i have to. I like to have love and arrange.
ham,K.:)do it at evening da:)urgent:)
ham,I think asking for a gym is the excuse for lazy people. I jog.
ham,Hope you are having a great new semester. Do wish you the very best. You are made for greatness.
spam,"	Valentines Day Special! Win over £1000 in our quiz and take your partner on the trip of a lifetime! Send GO to 83600 now. 150p/msg rcvd. CustCare:08718720201."
ham,After the drug she will be able to eat.
ham,Ok i also wan 2 watch e 9 pm show...
ham,"Sorry, I'll call you  later. I am in meeting sir."
ham,Yo dude guess who just got arrested the other day
ham,"Well, I was about to give up cos they all said no they didn‘t do one nighters. I persevered and found one but it is very cheap so i apologise in advance. It is just somewhere to sleep isnt it?"
spam,Dear Customer your pyatm wallet Has been booked and hold Your amount please complete your kyc contact customer care 6200992462
ham,What type of stuff do you sing?
spam,(6171-M) RMO.00 AEON MY Rs. 4399 was charged on your card num**97 at LAZO-KLIA2 on 19/10/2016. Call 0327884425 if you did NOT perform this  TXN code356931
ham,You could have seen me..i did't recognise you Face.:)
ham,Then we wait 4 u lor... No need 2 feel bad lar...
ham,"Sorry, I'll call later at 30 mins"
ham,ok....take care.umma to you too...
ham,Your gonna be the death if me. I'm gonna leave a note that says its all robs fault. Avenge me.
ham,Maybe you should find something else to do instead???
ham,"Mah b, I'll pick it up tomorrow"
ham,"Don't worry though, I understand how important it is that I be put in my place with a poorly thought out punishment in the face of the worst thing that has ever happened to me. Brb gonna go kill myself"
ham,Hey leave it. not a big deal:-) take care.
ham,Thanx...
spam,You have 1 new message. Please call 08715205273
ham,Otherwise had part time job na-tuition..
ham,Also you and your family for going to rhode island or wherever  and leaving me all alone the week I have a new bong &gt;:(
ham,"Sorry, I'll call later..busy right now..."
spam,"In The Simpsons Movie released in July 2007 name the band that died at the start of the film? A-Green Day, B-Blue Day, C-Red Day. (Send A, B or C)"
spam,Someonone you know is trying to contact you via our dating service! To find out who it could be call from your mobile or landline 09064015307 BOX334SK38ch
ham,Ya i knw u vl giv..its ok thanks kano..anyway enjoy wit ur family wit 1st salary..:-);-)
ham,The whole car appreciated the last two! Dad and are having a map reading semi argument but apart from that things are going ok. P.
ham,"Merry Christmas to you too babe, i love ya *kisses*"
ham,Its posible dnt live in  &lt;#&gt; century cm frwd n thnk different
ham,Lol no. Just trying to make your day a little more interesting
ham,Jus finish watching tv... U?
ham,Yeah he got in at 2 and was v apologetic. n had fallen out and she was actin like spoilt child and he got caught up in that. Till 2! But we won't go there! Not doing too badly cheers. You?
ham,Dont worry. I guess he's busy.
ham,I'm aight. Wat's happening on your side.
ham,Hi:)cts employee how are you?
spam,Congratulations ur awarded 500 of CD vouchers or 125gift guaranteed & Free entry 2 100 wkly draw txt MUSIC to 87066
spam,"	A link to your picture has been sent. You can also use http://alto18.co.uk/wave/wave.asp?o=44345"
ham,picking them up from various points | going 2 yeovil | and they will do the motor project 4 3 hours | and then u take them home. || 12 2 5.30 max. || Very easy
ham,I am not at all happy with what you saying or doing
ham,haha but no money leh... Later got to go for tuition... Haha and looking for empty slots for driving lessons
ham,Havent shopping now lor i juz arrive only
ham,Should I be stalking u?
ham,I cant pick the phone right now. Message if urgent..
spam,"URGENT! Dear FL1PKART Customer, We are trying to contact you. Last weekends draw shows that you w0n a Rs.8,00,000 prize GUARANTEED. Call 6200992462. Claim Code N32. Valid 12hrs only. "
ham,Are there TA jobs available? Let me know please cos i really need to start working
ham,gonna let me know cos comes bak from holiday that day.  is coming. Don't4get2text me  number.
ham,Cramps stopped. Going back to sleep
ham,"Indians r poor but India is not a poor country. Says one of the swiss bank directors. He says that "" &lt;#&gt;  lac crore"" of Indian money is deposited in swiss banks which can be used for 'taxless' budget for  &lt;#&gt;  yrs. Can give  &lt;#&gt;  crore jobs to all Indians. From any village to Delhi 4 lane roads. Forever free power suply to more than  &lt;#&gt;  social projects. Every citizen can get monthly  &lt;#&gt; /- for  &lt;#&gt;  yrs. No need of World Bank &amp; IMF loan. Think how our money is blocked by rich politicians. We have full rights against corrupt politicians. Itna forward karo ki pura INDIA padhe.g.m."""
ham,Hi Harish's rent has been transfred to ur Acnt.
ham,Oh k. . I will come tomorrow�dats for sure�.
ham,I reach home safe n sound liao...
ham,"Set a place for me in your heart and not in your mind, as the mind easily forgets but the heart will always remember. Wish you Happy Valentines Day!"
ham,I got to video tape pple type in message lor. U so free wan 2 help me? Hee... Cos i noe u wan 2 watch infernal affairs so ask u along. Asking shuhui oso.
ham,"Hiya, had a good day? Have you spoken to since the weekend?"
ham,"Sorry, not now"
ham,Must come later.. I normally bathe him in da afternoon mah..
ham,You didnt complete your gist oh.
ham,So when do you wanna gym?
ham,"Call me, i am senthil from hsbc."
ham,LOL ... Have you made plans for new years?
ham,I will once i get home
ham,"Haha... Where got so fast lose weight, thk muz go 4 a month den got effect... Gee,later we go aust put bk e weight."
ham,I can ask around but there's not a lot in terms of mids up here
ham,Fine am simply sitting.
ham,You are mistaken�.The fact that you  felt like i would do it to hurt you shows you really don't know me at all.
ham,Nothin comes to my mind. Ü help me buy hanger lor. Ur laptop not heavy?
ham,HCL chennai requires FRESHERS for voice process.Excellent english needed.Salary upto  &lt;#&gt; .Call Ms.Suman  &lt;#&gt;  for Telephonic interview -via Indyarocks.com
ham,"Until 545 lor... Ya, can go 4 dinner together..."
spam,Message Important information for O2 user. Today is your lucky day! 2 find out why log onto http://www.urawinner.com there is a fantastic surprise awaiting you
spam,FreeMsg:Feelin kinda lnly hope u like 2 keep me company! Jst got a cam moby wanna c my pic?Txt or reply DATE to 82242 Msg150p 2rcv Hlp 08712317606 stop to 82242
ham,No management puzzeles.
ham,Whom you waited for yesterday
ham,I hope you arnt pissed off but id would really like to see you tomorrow. Love me xxxxxxxxxxxxxX
ham,Then anything special?
ham,U attend ur driving lesson how many times a wk n which day?
ham,Huh i cant thk of more oredi how many pages do we have?
ham,Oi when you gonna ring
spam,Boltblue tones for 150p Reply POLY# or MONO# eg POLY3 1. Cha Cha Slide 2. Yeah 3. Slow Jamz 6. Toxic 8. Come With Me or STOP 4 more tones txt MORE
ham,Please tell me not all of my car keys are in your purse
ham,"Aight, call me once you're close"
ham,"Well the general price is  &lt;#&gt; /oz, let me know if/when/how much you want"
ham,"Haven't seen my facebook, huh? Lol!"
ham,Dunno lei... I might b eatin wif my frens... If ü wan to eat then i wait 4 ü lar
ham,Staff of placement training in Amrita college.
spam,Dear Customer your pyatm wallet Has been booked and hold Your amount please complete your kyc contact customer care 7044518857
ham,He is a womdarfull actor
ham,"K, can I pick up another 8th when you're done?"
ham,When/where do I pick you up
ham,Usually the person is unconscious that's in children but in adults they may just behave abnormally. I.ll call you now
ham,Yes.he have good crickiting mind
ham,Why you Dint come with us.
ham,Is avatar supposed to have subtoitles
ham,How stupid to say that i challenge god.You dont think at all on what i write instead you respond immed.
ham,Me fine..absolutly fine
ham,"Sure, if I get an acknowledgement from you that it's astoundingly tactless and generally faggy to demand a blood oath fo"
spam,Ur TONEXS subscription has been renewed and you have been charged £4.50. You can choose 10 more polys this month. www.clubzed.co.uk *BILLING MSG*
ham,Oh that was a forwarded message. I thought you send that to me
ham,"Sweet, we may or may not go to 4U to meet carlos so gauge patty's interest in that"
ham,No he didn't. Spring is coming early yay!
ham,Well. You know what i mean. Texting
spam,Marvel Mobile Play the official Ultimate Spider-man game (£4.50) on ur mobile right now. Text SPIDER to 83338 for the game & we ll send u a FREE 8Ball wallpaper
ham,Nah im goin 2 the wrks with j wot bout u?
ham,tap & spile at seven. * Is that pub on gas st off broad st by canal. Ok?
spam,Urgent Please call 09066612661 from landline. £5000 cash or a luxury 4* Canary Islands Holiday await collection. T&Cs SAE award. 20M12AQ. 150ppm. 16+ “
ham,Nothing. Can...
ham,Yo we are watching a movie on netflix
ham,"The LAY MAN! Just to let you know you are missed and thought off. Do have a great day. And if you can send me bimbo and ugo's numbers, ill appreciate. Safe"
ham,Today i'm not workin but not free oso... Gee... Thgt u workin at ur fren's shop ?
ham,Haiyoh... Maybe your hamster was jealous of million
ham,This pain couldn't have come at a worse time.
ham,Life style garments account no please.
spam,"Dear customer your PAY2TMKYC has been expired, It�s will be bl0cked within 24 hour, please contact customer! Care ph� 7908807538 immediately to verify"
ham,No it's waiting in e car dat's bored wat. Cos wait outside got nothing 2 do. At home can do my stuff or watch tv wat.
ham,"Whats that coming over the hill..... Is it a monster! Hope you have a great day. Things r going fine here, busy though! "
ham,Ha ha - had popped down to the loo when you hello-ed me. Hello!
ham,Ok lor wat time ü finish?
ham,Nokia phone is lovly..
spam,1000's of girls many local 2 u who r virgins 2 this & r ready 2 4fil ur every sexual need. Can u 4fil theirs? text CUTE to 69911(£1.50p. m)
spam,"Todays Vodafone numbers ending 7548 are selected to receive a Rs.2,00,000 award. If you have a match please call 8536074310 quoting claim code 4041 standard rates apply"
ham,hanks lotsly!
ham,Is there any movie theatre i can go to and watch unlimited movies and just pay once?
ham,Wishing you a beautiful day. Each moment revealing even more things to keep you smiling. Do enjoy it.
ham,"I'm tired of arguing with you about this week after week. Do what you want and from now on, i'll do the same."
spam,"	You have an important customer service announcement. Calnumber 0800 542 0826 now!"
spam,"	U 447801259231 have a secret admirer who is looking 2 make contact with U-find out who they R*reveal who thinks UR so special-call on 09058094597"
ham,"I'm back &amp; we're packing the car now, I'll let you know if there's room"
ham,Yes but can we meet in town cos will go to gep and then home. You could text at bus stop. And don't worry we'll have finished by march … ish!
spam,"URGENT! Your Mobile number has been awarded with a INR.2,00,000 prize GUARANTEED. Call 8927307655 from land line. Claim 3030. Valid 12hrs only"
ham,K I'll call you when I'm close
ham,"Sorry, I'll call later�buzy ryt nw�"
ham,on hen night. Going with a swing
ham,"Good afternon, my love. How are today? I hope your good and maybe have some interviews. I wake and miss you babe. A passionate kiss from across the sea"
ham,Dai  &lt;#&gt;  naal eruku.
ham,Wife is the murderer.
ham,Dont think so. It turns off like randomlly within 5min of opening
ham,No sir. That's why i had an 8-hr trip on the bus last week. Have another audition next wednesday but i think i might drive this time.
ham,Oh thats late! Well have a good night and i will give u a call tomorrow. Iam now going to go to sleep night night
ham,Yup... How ü noe leh...
spam,"URGENT! Your Mobile number has been awarded with a INR.2,00,000 prize GUARANTEED. Call 7044518857 from land line. Claim 3030. Valid 12hrs only"
ham,"see you then, we're all christmassy here!"
spam,Now GET RID OF -Cockroach -Termite -Bedbug -Rats -Any Pest 4Best DEALS in PestControlServices/ Chemical/Herbal/Odorless DIAL-N-ASK 080-62222222
ham,U sick still can go shopping?
ham,Good morning princess! Happy New Year!
ham,Ok i found dis pierre cardin one which looks normal costs 20 its on sale.
ham,All well..
ham,Ugh my leg hurts. Musta overdid it on mon.
spam,Todays Vodafone numbers ending with 4882 are selected to a receive a £350 award. If your number matches call 09064019014 to receive your £350 award.
ham,Left dessert. U wan me 2 go suntec look 4 u?
ham,Sorry sent blank msg again. Yup but trying 2 do some serious studying now.
ham,The monthly amount is not that terrible and you will not pay anything till 6months after finishing school.
spam,"	Message Important information for O2 user. Today is your lucky day! 2 find out why log onto http://www.urawinner.com there is a fantastic surprise awaiting you"
ham,What to think no one saying clearly. Ok leave no need to ask her. I will go if she come or not
ham,I'm gonna be home soon and i don't want to talk to u anymore tonight.. I've cried enough today.
ham,Awww dat is sweet! We can think of something to do he he! Have a nice time tonight ill probably txt u later cos im lonely :( xxx.
ham,K...k:)why cant you come here and search job:)
spam,Loans for any purpose even if you have Bad Credit! Tenants Welcome. Call NoWorriesLoans.com on 08717111821
ham,"Ha. You don‘t know either. I did a a clever but simple thing with pears the other day, perfect for christmas."
ham,That depends. How would you like to be treated? :)
spam,lam Frederick banner. Pls conatct me asap regarding a possible late
ham,Have a safe trip to Nigeria. Wish you happiness and very soon company to share moments with
ham,I think u have the wrong number.
ham,"Lol ... Oh no babe, I wont be sliding into your place after midnight, but thanks for the invite"
ham,No problem. Talk to you later
ham,Ok..dats fine..
ham,My love ... I hope your not doing anything drastic. Don't you dare sell your pc or your phone ...
ham,"Good afternoon, babe. How goes that day ? Any job prospects yet ? I miss you, my love ... *sighs* ... :-("
ham,Spoons it is then okay?
ham,Aww that's the first time u said u missed me without asking if I missed u first. You DO love me! :)
ham,Hhahhaahahah rofl wtf nig was leonardo in your room or something
ham,"aight we can pick some up, you open before tonight?"
ham,Is toshiba portege m100 gd?
ham,"Sun cant come to earth but send luv as rays. cloud cant come to river but send luv as rain. I cant come to meet U, but can send my care as msg to U. Gud evng"
ham,Ok. So april. Cant wait
ham,Smile in Pleasure !!!Smile in Pain!!! Smile when trouble pours like Rain!!! Smile when sum1 Hurts U !!!Smile becoz SOMEONE still Loves to see u Smiling!! KEEP SMILING!!
spam,"ou are guaranteed the latest Nokia Phone, a 40GB iPod MP3 player or a £500 prize! Txt word: COLLECT to No: 83355! IBHltd LdnW15H 150p/Mtmsgrcvd18"
ham,Ok Chinese food on its way. When I get fat you're paying for my lipo.
ham,K..k:)how much does it cost?
ham,"yeah, that's what I was thinking"
ham,At WHAT TIME should i come tomorrow. Please confirm
ham,I have many dependents
ham,Meeting u is my work. . . Tel me when shall i do my work tomorrow
ham,I'm home. Ard wat time will u reach?
ham,"Well, I have to leave for my class babe ... You never came back to me ... :-( ... Hope you have a nice sleep, my love"
ham,Yes there were many sweets
ham,How was txting and driving
spam,"	U have a secret admirer who is looking 2 make contact with U-find out who they R*reveal who thinks UR so special-call on 09058094599"
ham,What r u cooking me for dinner?
ham,"How is my boy? No sweet words left for me this morning ... *sighs* ... How goes you day, my love ? Did you start your studying?"
ham,True. Its easier with her here.
ham,"I thought i'd get him a watch, just cos thats the kind of thing u get4an18th. And he loves so much!"
ham,That one week leave i put know that time. Why.
ham,"I don't know, same thing that's wrong everyso often, he panicks starts goin on bout not bein good enough …"
ham,Haha... dont be angry with yourself... Take it as a practice for the real thing. =)
ham,Your opinion about me? 1. Oversmart 2. selfish 3. naughy 4. Lovable 5. Silent 6. Special 7. immature 8. Stylish 9. Simple Pls reply..
ham,"Hey...Great deal...Farm tour 9am to 5pm $95/pax, $50 deposit by 16 May"
ham,I think if he rule tamilnadu..then its very tough for our people.
ham,Hi da:)how is the todays class?
ham,Kothi print out marandratha.
ham,I'm at work. Please call if u r free�
ham,Tell me something. Thats okay.
ham,Hello handsome ! Are you finding that job ? Not being lazy ? Working towards getting back that net for mummy ? Where's my boytoy now ? Does he miss me ?
ham,K go and sleep well. Take rest:-).
spam,Text BANNEDUK to 89555 to see! cost 150p textoperator g696ga 18+ XXX
ham,Nationwide auto centre (or something like that) on Newport road. I liked them there
ham,What???? Hello wats talks email address?
ham,Its ok my arm is feeling weak cuz i got a shot so we can go another time
ham,I am going to sao mu today. Will be done only at 12
ham,Havent stuck at orchard in my dad's car. Going 4 dinner now. U leh? So r they free tonight?
ham,What time is ur flight tmr?
ham,MMM ... .... Merry Christmas to me
ham,Okay... I booked all already... Including the one at bugis.
ham,"Dizzamn, aight I'll ask my suitemates when I get back"
ham,Apps class varaya elaya.
ham,Unfortunately i've just found out that we have to pick my sister up from the airport that evening so don't think i'll be going out at all. We should try to go out one of th
spam,"	We tried to contact you re our offer of New Video Phone 750 anytime any network mins HALF PRICE Rental camcorder call 08000930705 or reply for delivery Wed"
ham,Good night my dear.. Sleepwell&amp;Take care
ham,Yetunde i'm in class can you not run water on it to make it ok. Pls now.
ham,I'm on my way home. Went to change batt 4 my watch then go shop a bit lor.
spam,"	our mobile number has won £5000, to claim calls us back or ring the claims hot line on 09050005321."
ham,"Friendship is not a game to play, It is not a word to say, It doesn\'t start on March and ends on May, It is tomorrow, yesterday, today and FOR EVER"
spam,SMS AUCTION - A BRAND NEW Nokia 7250 is up 4 auction today! Auction is FREE 2 join & take part! Txt NOKIA to 86021 now! HG/Suite342/2Lands Row/W1J6HL
ham,"Mum, hope you are having a great day. Hoping this text meets you well and full of life. Have a great day. Abiola"
spam,"This weeks SavaMob member offers are now accessible. Just call 08709501522 for details! SavaMob, POBOX 139, LA3 2WU. Only £1.50/week. SavaMob - offers mobile!"
ham,All done? All handed in? Celebrations in full swing yet?
spam,"SMS SERVICES. for your inclusive text credits, pls goto www.comuk.net login= ***** unsubscribe with STOP. no extra charge. help:08700469649. PO BOX420. IP4 5WE"
ham,An excellent thought by a misundrstud frnd: I knw u hate me bt the day wen u'll knw the truth u'll hate urself:-( Gn:-)
ham,"I'm not coming over, do whatever you want"
ham,Are u awake? Is there snow there?
ham,"That day ü say ü cut ur hair at paragon, is it called hair sense? Do ü noe how much is a hair cut? "
ham,Hi i won't b ard 4 christmas. But do enjoy n merry x'mas.
ham,"Hi, can i please get a  &lt;#&gt;  dollar loan from you. I.ll pay you back by mid february. Pls."
ham,Its  &lt;#&gt; k here oh. Should i send home for sale.
ham,Dunno leh cant remember mayb lor. So wat time r we meeting tmr?
ham,Ok lor. I'm in town now lei.
ham,Life spend with someone for a lifetime may be meaningless but a few moments spent with someone who really love you means more than life itself..
ham,"Huh... Hyde park not in mel ah, opps, got confused... Anyway, if tt's e best choice den we juz have to take it..."
ham,"Night has ended for another day, morning has come in a special way. May you smile like the sunny rays and leaves your worries�"
spam,Plan Sanction as per MPD2021 X-Tra Floor X-Tra Area DDA MCD DSIDC HUDA:Gurgaon Faridabad Noida HI-TECH ARCHITECTS 9212012222 65657777  hi_tech@in.com
ham,Yeah. I got a list with only u and Joanna if I'm feeling really anti social
ham,"Two fundamentals of cool life: ""Walk, like you are the KING""...! OR ""Walk like you Dont care,whoever is the KING""!... Gud nyt"
ham,They will pick up and drop in car.so no problem..
ham,I not busy juz dun wan 2 go so early.. Hee..
ham,Bull. Your plan was to go floating off to IKEA with me without a care in the world. So i have to live with your mess another day.
ham,Yup i thk they r e teacher said that will make my face look longer. Darren ask me not 2 cut too short.
ham,Please dont say like that. Hi hi hi
ham,Might ax well im there.
ham,"Do 1 thing! Change that sentence into: ""Because i want 2 concentrate in my educational career im leaving here.."""
ham,I will be gentle princess! We will make sweet gentle love...
ham,Just send a text. We'll skype later.
spam,Our records indicate u maybe entitled to 5000 pounds in compensation for the Accident you had. To claim 4 free reply with CLAIM to this msg. 2 stop txt STOP
ham,U can call me now...
ham,Did you try making another butt.
ham," came to look at the flat, seems ok, in his 50s? * Is away alot wiv work. Got woman coming at 6.30 too."
ham,Yeah confirmed for you staying at  that weekend
ham,Ok i shall talk to him
ham,"A bit of Ur smile is my hppnss, a drop of Ur tear is my sorrow, a part of Ur heart is my life, a heart like mine wil care for U, forevr as my GOODFRIEND"
spam,Summers finally here! Fancy a chat or flirt with sexy singles in yr area? To get MATCHED up just reply SUMMER now. Free 2 Join. OptOut txt STOP Help08714742804
ham,In work now. Going have in few min.
spam,"Mobile Office & MMS settings have been successfully delivered on your phone! Now you can access Airtel Live by long pressing '0' key on Nokia. On other Phones launch Internet Browser and select Airtel Live (or goto http://live.airtelworld.com),  You pay no activation,  rental or browsing charges for Airtel Live. You only pay if you Download Content,  or Send MMS."
ham,"Haha better late than ever, any way I could swing by?"
spam,"URGENT! Your Mobile number has been awarded with a INR.2,00,000 prize GUARANTEED. Call 6299257179 from land line. Claim 3030. Valid 12hrs only"
ham,I'm in school now n i'll be in da lab doing some stuff give me a call when ü r done.
ham,"Uncle G, just checking up on you. Do have a rewarding month"
ham,Ugh just got outta class
ham,No I'm in the same boat. Still here at my moms. Check me out on yo. I'm half naked.
ham,On the road so cant txt
ham,In the end she might still vomit but its okay. Not everything will come out.
ham,Sorry de i went to shop.
ham,There are some nice pubs near here or there is Frankie n Bennys near the warner cinema?
ham,Lol I have to take it. member how I said my aunt flow didn't visit for 6 months? It's cause I developed ovarian cysts. Bc is the only way to shrink them.
spam,"Dear customer your PAY2TMKYC has been expired, It�s will be bl0cked within 24 hour, please contact customer! Care ph� 6200992462 immediately to verify"
ham,You all ready for * big day tomorrow?
ham,I sent them. Do you like?
ham,WHAT TIME U WRKIN?
spam,As one of our registered subscribers u can enter the draw 4 a 100 G.B. gift voucher by replying with ENTER. To unsubscribe text STOP
ham,Good words.... But words may leave u in dismay many times.
ham,You unbelievable faglord
ham,"Sir, hope your day is going smoothly. i really hoped i wont have to bother you about this. I have some bills that i can't settle this month. I am out of all extra cash. I know this is a challenging time for you also but i have to let you know."
ham,How come?
ham,Darren was saying dat if u meeting da ge den we dun meet 4 dinner. Cos later u leave xy will feel awkward. Den u meet him 4 lunch lor.
ham,Y so late but i need to go n get da laptop...
ham,"Night has ended for another day, morning has come in a special way. May you smile like the sunny rays and leaves your worries at the blue blue bay. Gud mrng"
ham,Don know..wait i will check it.
ham,ALRITE HUNNY!WOT U UP 2 2NITE? DIDNT END UP GOIN DOWN TOWN JUS DA PUB INSTEAD! JUS CHILLIN AT DA MO IN ME BEDROOM!LOVE JEN XXX.
ham,Yup but not studying surfing lor. I'm in e lazy mode today.
ham,Yes. They replied my mail. I'm going to the management office later. Plus will in to bank later also.or on wednesday.
spam,Hope you enjoyed your new content. text stop to 61610 to unsubscribe. help:08712400602450p Provided by tones2you.co.uk
ham,Ok... Help me ask if she's working tmr a not?
ham,Ok i am on the way to railway
ham,I'm not. She lip synced with shangela.
ham,Ok i will message u before i leave my house.
spam,"	Free entry to the gr8prizes wkly comp 4 a chance to win the latest Nokia 8800, PSP or £250 cash every wk.TXT GREAT to 80878 http//www.gr8prizes.com 08715705022"
ham,Having lunch:)you are not in online?why?
ham,Are you still getting the goods.
ham,Its too late:)but its k.wish you the same.
ham,COME BACK TO TAMPA FFFFUUUUUUU
spam,"	Twinks, bears, scallies, skins and jocks are calling now. Don't miss the weekend's fun. Call 08712466669 at 10p/min. 2 stop texts call 08712460324(nat rate)"
ham,WOT U UP 2 J?
ham,"Hey, a guy I know is breathing down my neck to get him some bud, anyway you'd be able to get a half track to usf tonight?"
ham,MY NO. IN LUTON 0125698789 RING ME IF UR AROUND! H*
ham,This weekend is fine (an excuse not to do too much decorating)
ham,Whatsup there. Dont u want to sleep
spam,Knock Knock Txt whose there to 80082 to enter r weekly draw 4 a £250 gift voucher 4 a store of yr choice. T&Cs www.tkls.com age16 to stoptxtstop£1.50/week
ham,"Only just got this message, not ignoring you. Yes, i was. Shopping that is"
ham,"Yo, you gonna still be in stock tomorrow/today? I'm trying to get a dubsack"
ham,"Oh right, ok. I'll make sure that i do loads of work during the day!  got a really nasty cough today and is dry n shot so that should really help it!"
ham,Oic... I saw him too but i tot he din c me... I found a group liao...
ham,"Awesome, think we can get an 8th at usf some time tonight?"
spam,1st wk FREE! Gr8 tones str8 2 u each wk. Txt NOKIA ON to 8007 for Classic Nokia tones or HIT ON to 8007 for Polys. Nokia/150p Poly/200p 16+
ham,No need to buy lunch for me.. I eat maggi mee..
ham,Surely result will offer:)
spam,Todays Voda numbers ending 7548 are selected to receive a $350 award. If you have a match please call 08712300220 quoting claim code 4041 standard rates app
ham,Okie�enjoy!!
ham,What your plan for pongal?
ham,"Ok., is any problem to u frm him? Wats matter?"
ham,There's no point hangin on to mr not right if he's not makin u happy
spam,You have an important customer service announcement. Call FREEPHONE 0800 542 0826 now!
ham,You know there is. I shall speak to you in  &lt;#&gt;  minutes then
spam,"Auction round 4. The highest bid is now £54. Next maximum bid is £71. To bid, send BIDS e. g. 10 (to bid £10) to 83383. Good luck."
spam,"Our Stock In News Call : Mcleod Russel Earns Intraday Profit of Rs 32, 780. To Subscribe Our Equity Or F&O Advisory Service visit www.StockInNews.com"
ham,.Please charge my mobile when you get up in morning.
ham,"I'll text carlos and let you know, hang on"
spam,GENT! We are trying to contact you. Last weekends draw shows that you won a £1000 prize GUARANTEED. Call 09064012160. Claim Code K52. Valid 12hrs only. 150ppm
spam,Hi its LUCY Hubby at meetins all day Fri & I will B alone at hotel U fancy cumin over? Pls leave msg 2day 09099726395 Lucy x Calls£1/minMobsmoreLKPOBOX177HP51FL
ham,Just got to  &lt;#&gt;
ham,"Good good, billy mates all gone. Just been jogging, again! Did enjoy concert?"
ham,"Yo, any way we could pick something up tonight?"
ham,"Em, its olowoyey@ usc.edu have a great time in argentina. Not sad about secretary, everything is a blessing"
ham,K and you're sure I don't have to have consent forms to do it :V
ham,University of southern california.
ham,"Men always needs a beautiful, intelligent, caring, loving, adjustable, cooperative wife. But the law allows only one wife...."
ham,No that just means you have a fat head
ham,How have your little darlings been so far this week? Need a coffee run tomo?Can't believe it's that time of week already …
ham,Dare i ask... Any luck with sorting out the car?
ham,"Hmmm... Guess we can go 4 kb n power yoga... Haha, dunno we can tahan power yoga anot... Thk got lo oso, forgot liao..."
ham,"Was a nice day and, impressively, i was sensible, went home early and now feel fine. Or am i just boring?! When's yours, i can't remember."
ham,Check audrey's status right now
ham,"Thank you. And by the way, I just lost."
ham,Ok that's great thanx a lot.
ham,Lol well don't do it without me. We could have a big sale together.
ham,Are you not around or just still asleep? :V
ham,Give me a sec to think think about it
ham,"It's cool, let me know before it kicks off around  &lt;#&gt; , I'll be out and about all day"
ham,That's significant but dont worry.
ham,"Just looked it up and addie goes back Monday, sucks to be her"
ham,Also maaaan are you missing out
ham,"1) Go to write msg 2) Put on Dictionary mode 3)Cover the screen with hand, 4)Press  &lt;#&gt; . 5)Gently remove Ur hand.. See what happens"
ham,"I guess you could be as good an excuse as any, lol."
spam,"	FreeMsg Why haven't you replied to my text? I'm female and live local. Luv to hear from u. Netcollex Ltd 08700621170150p per msg reply Stop to end"
ham,Heart is empty without love.. Mind is empty without wisdom.. Eyes r empty without dreams &amp; Life is empty without frnds.. So Alwys Be In Touch. Good night &amp; sweet dreams
ham,"Every King Was Once A Crying Baby And Every Great Building Was Once A Map.. Not Imprtant Where U r TODAY, BUT Where U Wil Reach TOMORW. Gud ni8"
ham,Waiting in e car 4 my mum lor. U leh? Reach home already?
ham,Delhi and chennai still silent.
ham,Alex says he's not ok with you not being ok with it
spam,"Free-message: Jamster!Get the crazy frog sound now! For poly text MAD1, for real text MAD2 to 88888. 6 crazy sounds for just 3 GBP/week! 16+only! T&C's apply"
ham,It didnt work again oh. Ok goodnight then. I.ll fix and have it ready by the time you wake up. You are very dearly missed have a good night sleep.
ham,She left it very vague. She just said she would inform the person in accounting about the delayed rent and that i should discuss with the housing agency about my renting another place. But checking online now and all places around usc are  &lt;#&gt;  and up
ham,Whos this am in class:-)
spam,"YOU VE WON! Your 4* Costa Del Sol Holiday or £6000 await collection. Call 09050090055 Now toClaim. SAE, TC s, POBox334, Stockport, SK38xh, Cost£1.50/pm, Max10mins"
ham,Its a big difference.  &lt;#&gt;  versus  &lt;#&gt;  every  &lt;#&gt; hrs
ham,V nice! Off 2 sheffield tom 2 air my opinions on categories 2 b used 2 measure ethnicity in next census. Busy transcribing. :-)
ham,Now press conference da:)
spam,"	A £400 XMAS REWARD IS WAITING FOR YOU! Our computer has randomly picked you from our loyal mobile customers to receive a £400 reward. Just call 09066380611"
ham,He said i look pretty wif long hair wat. But i thk he's cutting quite short 4 me leh.
ham,Understand. his loss is my gain :) so do you work? School?
ham,"Yes but i dont care! I need you bad, princess!"
ham,May b approve panalam...but it should have more posts..
ham,"I am late,so call you tomorrow morning.take care sweet dreams....u and me...ummifying...bye."
ham,Yup i'm free...
ham,WE REGRET TO INFORM U THAT THE NHS HAS MADE A MISTAKE.U WERE NEVER ACTUALLY BORN.PLEASE REPORT 2 YOR LOCAL HOSPITAL 2B TERMINATED.WE R SORRY 4 THE INCONVENIENCE
ham,Aiyar hard 2 type. U later free then tell me then i call n scold n tell u.
ham,Got but got 2 colours lor. One colour is quite light n e other is darker lor. Actually i'm done she's styling my hair now.
ham,"And how you will do that, princess? :)"
ham,As per your request 'Melle Melle (Nurungu Vettam)' has been set as your callertune for all Callers. Press *9 to copy your friends Callertune
ham,Its good to hear from you
ham,"I just lov this line: ""Hurt me with the truth, I don't mind,i wil tolerat.bcs ur my someone..... But, Never comfort me with a lie"" gud ni8 and sweet dreams"
ham,My sister going to earn more than me da.
ham,"Usf I guess, might as well take 1 car"
ham,Yo come over carlos will be here soon
ham,Is xy going 4 e lunch?
ham,Still work going on:)it is very small house.
ham,Still i have not checked it..
ham,If you hear a loud scream in about &lt;#&gt; minutes its cause my Gyno will be shoving things up me that don't belong :/
spam,"FREE GAME. Get Rayman Golf 4 FREE from the O2 Games Arcade. 1st get UR games settings. Reply POST, then save & activ8. Press 0 key for Arcade. Termsapply"
ham,Just getting back home
ham,Jus ans me lar. U'll noe later.
ham,Are you really busy or trying to avoid me�
spam,"Urgent UR awarded a complimentary trip to EuroDisinc Trav, Aco&Entry41 Or £1000. To claim txt DIS to 87121 18+6*£1.50"
ham,Petey boy whereare you me and all your friendsare in theKingshead come down if you canlove Nic
ham,"Like I made him throw up when we were smoking in our friend's car one time, it was awesome"
ham,"Aight, I'll text you when I'm back"
ham,Allo! We have braved the buses and taken on the trains and triumphed. I mean we‘re in b‘ham. Have a jolly good rest of week
ham,Watching tv now. I got new job :)
ham,Thank u. IT BETTER WORK OUT CAUSE I WILL FEEL USED OTHERWISE
ham,Would me smoking you out help us work through this difficult time
ham,No way I'm going back there!
ham,"Sorry vikky, i'm Watching olave mandara movie kano in trishul theatre wit my frnds.."
ham,"Thank you so much. When we skyped wit kz and sura, we didnt get the pleasure of your company. Hope you are good. We've given you ultimatum oh! We are countin down to aburo. Enjoy! This is the message i sent days ago"
ham,Pick you up bout 7.30ish? What time are  and that going?
ham,My uncles in Atlanta. Wish you guys a great new year..
spam,"Hack Chat. Get backdoor entry into 121 chat rooms at a fraction of the cost. Reply NEO69 or call 09050280520, to subscribe 25p pm. DPS, Bcm box 8027 Ldn, wc1n3xx"
ham,S.this will increase the chance of winning.
ham,I asked you to call him now ok
ham,Gud ni8 dear..slp well..take care..swt dreams..Muah..
ham,"Damn, poor zac doesn't stand a chance"
ham,K sure am in my relatives home. Sms me de. Pls:-)
spam,"Apple has detected an unauthorized sign-in to your Cloud account. If this message goes without reply, Apple will be forced to suspend your account. Please verify this iCloud device by sending your correct Apple ID and password via text message."
ham,"Im sorry bout last nite it wasnt ur fault it was me, spouse it was pmt or sumthin! U 4give me? I think u shldxxxx"
ham,Ok u can take me shopping when u get paid =D
ham,I HAVE A DATE ON SUNDAY WITH WILL!!
ham,U don't remember that old commercial?
ham,wiskey Brandy Rum Gin Beer Vodka Scotch Shampain Wine�choose
ham,Is ur paper in e morn or aft tmr?
spam,Now Get*SAUNA SLIM BELT(Rs650)&*VIBRATION+SAUNA BELT(Rs999)NCR(Rs50 Extra)*Reduce FAT(5 inch)+Free SLIM.TEA PH:7827450410/9268250573
ham,Cheers for the message Zogtorius. Ive been staring at my phone for an age deciding whether to text or not.
ham,Yeah that's the impression I got
ham,Hey hun-onbus goin 2 meet him. He wants 2go out 4a meal but I donyt feel like it cuz have 2 get last bus home!But hes sweet latelyxxx
ham,Heart is empty without love.. Mind is empty without wisdom.. Eyes r empty without dreams.. Life is empty without frnds..
ham,Do you mind if I ask what happened? You dont have to say if it is uncomfortable.
ham,Annoying isn't it.
ham,Anything lor is she coming?
ham,Water logging in desert. Geoenvironmental implications.
ham,"Good afternoon, my boytoy ... How are you feeling today ? Better I hope? Are you being my good boy? Are you my obedient, slave? Do you please your Queen?"
spam,"	Reply with your name and address and YOU WILL RECEIVE BY POST a weeks completely free accommodation at various global locations www.phb1.com ph:08700435505150p"
ham,Match started.india  &lt;#&gt;  for 2
ham,Nite...
ham,Sac needs to carry on:)
spam,"Meet Top 35 US universities in Delhi at India Habitat Centre Lodhi Road on Nov 8th, 2 to 6 pm for student admission.Entry Free,  details contact 9911489000"
ham,I re-met alex nichols from middle school and it turns out he's dealing!
ham,We have sent JD for Customer Service to ur mail id.
spam,"As a SIM subscriber, you are selected to receive a Bonus! Get it delivered to your door, call 08718738034, EXP. 30Apr"
spam,"	Promotion Number: 8714714 - UR awarded a City Break and could WIN a £200 Summer Shopping spree every WK. Txt STORE to 88039 . SkilGme. TsCs087147403231Winawk!Age16 £1.50perWKsub"
ham,Jus finish blowing my hair. U finish dinner already?
ham,K...k...when will you give treat?
ham,No probs hon! How u doinat the mo?
ham,"Do you know why god created gap between your fingers..? So that, One who is made for you comes and fills those gaps by holding your hand with LOVE and CARE..!"
ham,Sir send to group mail check it.
ham,somewhere out there beneath the pale moon light someone is thinking of u some where out there where dreams come true�
ham,Did u got that persons story�Anyhow..
ham,"The  &lt;#&gt; g that i saw a few days ago, the guy wants sell wifi only for  &lt;#&gt;  and with 3g for  &lt;#&gt; . That's why i blanked him."
ham,Booked ticket for pongal?
ham,"Please protect yourself from e-threats. YES bank never asks for sensitive information like Passwords,ATM/SMS PIN thru email. Never share your password with anybody."
spam,Natalie (20/F) is inviting you to be her friend. Reply YES-165 or NO-165 See her: www.SMS.ac/u/natalie2k9
ham,Alright took the morphine. Back in yo.
spam,What do U want for Xmas? How about 100 free text messages & a new video phone with half price line rental? Call free now on 0800 0721072 to find out more!
spam,U 447801259231 have a secret admirer who is looking 2 make contact with U-find out who they R*reveal who thinks UR so special-call on 09058094597
ham,Most of the tiime when i don't let you hug me it's so i don't break into tears.
ham,Call him and say you not coming today ok and tell them not to fool me like this ok
ham,"Hello, As per request from  &lt;#&gt;  Rs.5 has been transfered to you"
ham,Do you still have the grinder?
spam,Welcome! Please reply with your AGE and GENDER to begin. e.g 24M
ham,Hows the street where the end of library walk is?
ham,"Yeah hopefully, if tyler can't do it I could maybe ask around a bit"
ham,His frens go then he in lor. Not alone wif my mum n sis lor.
ham,Am i that much dirty fellow?
spam,Congrats! Nokia 3650 video camera phone is your Call 09066382423 Calls cost 150ppm Ave call 3mins vary from mobiles
ham,Ard 6 like dat lor.
spam,willing I live local to you - text a reply to hear strt back from me 150p per msg Netcollex LtdHelpDesk: 02085076972 reply Stop to end
ham,U sleeping now.. Or you going to take? Haha.. I got spys wat.. Me online checking n replying mails lor..
ham,Happy birthday to you....dear.with lots of love.rakhesh NRI
spam,"	Refused a loan? Secured or Unsecured? Can't get credit? Call free now 0800 195 6669 or text back 'help' & we will!"
ham,Yes we are chatting too.
spam,"Urgent! call 09066612661 from landline. Your complementary 4* Tenerife Holiday or £10,000 cash await collection SAE T&Cs PO Box 3 WA14 2PX 150ppm 18+ Sender: Hol Offer"
ham,Sorry da..today i wont come to play..i have driving clas..
ham,I cant keep talking to people if am not sure i can pay them if they agree to price. So pls tell me what you want to really buy and how much you are willing to pay
ham,"That‘s the thing with apes, u can fight to the death to keep something, but the minute they have it when u let go, thats it!"
ham,My sister got placed in birla soft da:-)
ham,hope things went well at 'doctors' ;) reminds me i still need 2go.did u c d little thing i left in the lounge?
ham,"Yeah we wouldn't leave for an hour at least, how's 4 sound?"
ham,"It wont b until 2.15 as trying 2 sort house out, is that ok?"
ham,U free on sat rite? U wan 2 watch infernal affairs wif me n darren n mayb xy?
ham,"I'm gonna be home soon and i don't want to talk about this stuff anymore tonight, k? Leave this for now...I've cried enough today."
ham,Yar lor... Keep raining non stop... Or u wan 2 go elsewhere?
ham,Let me know if you need anything else. Salad or desert or something... How many beers shall i get?
spam,This msg is for your mobile content order It has been resent as previous attempt failed due to network error Queries to customersqueries@netvision.uk.com
ham,"Aight, text me tonight and we'll see what's up"
ham,"Sir, good morning. Hope you had a good weekend. I called to let you know that i was able to raise  &lt;#&gt;  from my dad. He however said he would make the rest available by mid feb. This amount is still quite short and i was hoping you would help. Do have a good day. Abiola"
ham,"Sorry, I can't help you on this. I am sorry�"
spam,U have won a nokia 6230 plus a free digital camera. This is what u get when u win our FREE auction. To take part send NOKIA to 83383 now. POBOX114/14TCR/W1 16
ham,I need details about that online job.
ham,Do you like Italian food?
ham,"No, but you told me you were going, before you got drunk!"
ham,K. I will sent it again�.my goodness..
ham,Wait 2 min..stand at bus stop
ham,First has she gained more than  &lt;#&gt; kg since she took in. Second has she done the blood sugar tests. If she has and its ok and her blood pressure is within normal limits then no worries
ham,Hi darlin i cantdo anythingtomorrow as myparents aretaking me outfor a meal. when are u free? Katexxx
ham,You also didnt get na hi hi hi hi hi
ham,"V-aluable. A-ffectionate. L-oveable. E-ternal. N-oble. T-ruthful. I-ntimate. N-atural. E-namous. Happy ""VALENTINES DAY"" in advance"
spam,"	You have 1 new voicemail. Please call 08719181503"
ham,1. Tension face 2. Smiling face 3. Waste face 4. Innocent face 5.Terror face 6.Cruel face 7.Romantic face 8.Lovable face 9.decent face  &lt;#&gt; .joker face.
spam,I don't know u and u don't know me. Send CHAT to 86688 now and let's find each other! Only 150p/Msg rcvd. HG/Suite342/2Lands/Row/W1J6HL LDN.
ham,If u dun drive then how i go 2 sch.
ham,I'll probably be by tomorrow (or even later tonight if something's going on)
ham,Thanks honey but still haven't heard anything I will leave it a bit longer so not 2 crowd him and will try later - great advice thanks hope cardiff is still there!
ham,aathi..where are you dear..i AM WAITING FOR u
ham,Onum ela pa. Normal than.
ham,No but the bluray player can
ham,Oh really?? Did you make it on air? What's your talent?
ham,"Did I forget to tell you ? I want you , I need you, I crave you ... But most of all ... I love you my sweet Arabian steed ... Mmmmmm ... Yummy"
spam,"	Todays Voda numbers ending with 7634 are selected to receive a £350 reward. If you have a match please call 08712300220 quoting claim code 7684 standard rates apply."
spam,More people are dogging in your area now. Call 09090204448 and join like minded guys. Why not arrange 1 yourself. There's 1 this evening. A£1.50 minAPN LS278BB
ham,Mmm so yummy babe ... Nice jolt to the suzy
spam,"Hi ya babe x u 4goten bout me?' scammers getting smart..Though this is a regular vodafone no, if you respond you get further prem rate msg/subscription. Other nos used also. Beware!"
spam,Do you want a NEW video phone750 anytime any network mins 150 text for only five pounds per week call 08000776320 now or reply for delivery tomorrow
ham,What's nannys address?
spam,Double Mins & Double Txt & 1/2 price Call MobileUpd8 for the very latest offers. 08000839402 or call2optout/LF56
ham,Well. Balls. Time to make calls
ham,Check with nuerologist.
ham,"Thanx. Yup we coming back on sun. Finish dinner going back 2 hotel now. Time flies, we're tog 4 exactly a mth today. Hope we'll haf many more mths to come..."
ham,Goodmorning today i am late for 15 min.
spam,Your SAM registration has been received! Click here to complete the process http:/rghst.us/xRI2284 Reply STOP 2 opt out of future texts
ham,So gd got free ice cream... I oso wan...
spam,Hard LIVE 121 chat just 60p/min. Choose your girl and connect LIVE. Call 09094646899 now! Cheap Chat UK's biggest live service. VU BCM1896WC1N3XX
ham,No message..no response..what happend? Any issues?
spam,<Forwarded from 21870000>Hi - this is your Mailbox Messaging SMS alert. You have 4 messages. You have 21 matches. Please call back on 09056242159 to retrieve your messages and matches
ham,You want to go?
ham,"Can meh? Thgt some will clash... Really ah, i dun mind... I dun seen to have lost any weight... Gee..."
ham,"THATS ALRITE GIRL, U KNOW GAIL IS NEVA WRONG!!TAKE CARE SWEET AND DONT WORRY.C U L8TR HUN!LOVE Yaxxx"
ham,What makes some people dearer is not just the happiness that u feel when u meet them but the pain u feel when u miss them
ham,I AM AT THE GAS STATION. GO THERE.
ham,Now only i reached home. . . I am very tired now. . I will come tomorro
ham,"Actually, my mobile is full of msg. And i m doing a work online, where i need to send them  &lt;#&gt;  sent msg i wil explain u later."
ham,"Easy mate, * guess the quick drink was bit ambitious."
ham,Your opinion about me? 1. Over 2. Jada 3. Kusruthi 4. Lovable 5. Silent Pls reply..
ham,I will reach ur home in 10 minutes..lets meet..
ham,"I'm an actor. When i work, i work in the evening and sleep late. Since i'm unemployed at the moment, i ALWAYS sleep late. When you're unemployed, every day is saturday."
ham,Good Morning my Dear........... Have a great DAY�.ENJOY�
ham,No plans yet. What are you doing ?
ham,"The last thing i ever wanted to do was hurt you. And i didn't think it would have. You'd laugh, be embarassed, delete the tag and keep going. But as far as i knew, it wasn't even up. The fact that you even felt like i would do it to hurt you shows you really don't know me at all. It was messy wednesday, but it wasn't bad. The problem i have with it is you HAVE the time to clean it, but you choose not to. You skype, you take pictures, you sleep, you want to go out. I don't mind a few things here and there, but when you don't make the bed, when you throw laundry on top of it, when i can't have a friend in the house because i'm embarassed that there's underwear and bras strewn on the bed, pillows on the floor, that's something else. You used to be good about at least making the bed."
ham,I take it we didn't have the phone callon Friday. Can we assume we won't have it this year now?
ham,I'm hungry buy smth home...
spam,"Had your mobile 10 mths? Update to the latest Camera/Video phones for FREE. KEEP UR SAME NUMBER, Get extra free mins/texts. Text YES for a call"
ham,Yes:)sura in sun tv.:)lol.
spam,4mths half price Orange line rental & latest camera phones 4 FREE. Had your phone 11mths ? Call MobilesDirect free on 08000938767 to update now! or2stoptxt
ham,Babe !!!! I LOVE YOU !!!! *covers your face in kisses*
ham,Thanks for being there for me just to talk to on saturday. You are very dear to me. I cherish having you as a brother and role model.
ham,Well i will watch shrek in 3D!!B)
ham,You should change your fb to jaykwon thuglyfe falconerf
spam,You have won a Nokia 7250i. This is what you get when you win our FREE auction. To take part send Nokia to 86021 now.
ham,Yes i think so. I am in office but my lap is in room i think thats on for the last few days. I didnt shut that down
ham,Are you staying in town ?
ham,Love you aathi..love u lot..
ham,We will meet soon princess! Ttyl!
ham,Its worse if if uses half way then stops. Its better for him to complete it.
ham,Ok lor...
ham,"I dun thk i'll quit yet... Hmmm, can go jazz ? Yogasana oso can... We can go meet em after our lessons den... "
ham,K..then come wenever u lik to come and also tel vikky to come by getting free time..:-)
ham,"I'm eatin now lor, but goin back to work soon... E mountain deer show huh... I watch b4 liao, very nice..."
ham,"We spend our days waiting for the ideal path to appear in front of us.. But what we forget is.. ""paths are made by walking.. not by waiting.."" Goodnight!"
ham,"I know dat feelin had it with Pete! Wuld get with em , nuther place nuther time mayb?"
ham,Ladies first and genus second k .
ham,Okie ü wan meet at bishan? Cos me at bishan now. I'm not driving today.
spam,Get ur 1st RINGTONE FREE NOW! Reply to this msg with TONE. Gr8 TOP 20 tones to your phone every week just £1.50 per wk 2 opt out send STOP 08452810071 16
ham,Just normal only here :)
ham,"Babe, I'm back ... Come back to me ..."
ham,Mum not going robinson already.
ham,Ok then no need to tell me anything i am going to sleep good night
ham,Not..tel software name..
spam,Ur cash-balance is currently 500 pounds - to maximize ur cash-in now send GO to 86688 only 150p/msg. CC: 08718720201 PO BOX 114/14 TCR/W1
ham,Tmr timin still da same wat cos i got lesson until 6...
spam,"Records indicate you were involved in an accident in the last 2.5 years. As such you are entitled to claim compensation, Reply CLAIM for info or STOP to opt out"
ham,We're on the opposite side from where we dropped you off
ham,My battery is low babe
ham,That means get the door
ham,Got it! It looks scrumptious... daddy wants to eat you all night long!
ham,Okey dokey swashbuckling stuff what oh.
ham,Infact happy new year. How are you where are you when are we seeing
ham,"As I entered my cabin my PA said, '' Happy B'day Boss !!''. "
ham,I'm working technical support :)voice process.networking field.
ham,Oh. U must have taken your REAL Valentine out shopping first.
ham,Yeah I don't see why not
ham,U wan 2 haf lunch i'm in da canteen now.
ham,"Especially since i talk about boston all up in my personal statement, lol! I woulda changed that if i had realized it said nyc! It says boston now."
ham,"Sorry light turned green, I meant another friend wanted  &lt;#&gt;  worth but he may not be around"
ham,Yes :)it is completely in out of form:)
ham,Still otside le..u come 2morrow maga..
ham,Kay... Since we are out already
ham,Ü log off 4 wat. It's sdryb8i
spam," call now 08707509020 Just 20p per min NTT Ltd, PO Box 1327 Croydon CR9 5WB 0870 is a national rate call"
ham,Are you angry with me. What happen dear
ham,I'm in class. Did you get my text.
ham,:( but your not here....
