spam,Your SAM registration has been received! Click here to complete the process�http://rghst.xyz/NPHTmtb Reply STOP 2 opt out of future texts
ham,Mm umma ask vava also to come tell him can play later together
ham,I wud never mind if u dont miss me or if u dont need me.. But u wil really hurt me wen u need me &amp; u dont tell me......... Take care:-)
ham,Can do lor...
ham,Din i tell u jus now 420
ham,There is no sense in my foot and penis.
ham,"Better than bb. If he wont use it, his wife will or them doctor"
ham,Oh k�I know that�and I have been watching here�
spam,Dont forget you can place as many FREE Requests with 1stchoice.co.uk as you wish. For more Information call 08707808226.
ham,Lol now I'm after that hot air balloon!
spam,"SMS SERVICES. for your inclusive text credits, pls goto www.comuk.net login= 3qxj9 unsubscribe with STOP, no extra charge. help 08702840625.COMUK. 220-CM2 9AE"
ham,I place all ur points on e cultures module already.
ham,Wake me up at  &lt;#&gt;  am morning:)
spam,"Wellness Profile -health checkup from Thyrocare: Covers heart, thyroid, kidney, liver, diabetes & more. 63 Wellness Tests @home service with 33% Disc. : 09222201004"
ham,No da. . Vijay going to talk in jaya tv
ham,WHEN THE FIRST STRIKE IS A RED ONE. THE BIRD + ANTELOPE BEGIN TOPLAY IN THE FIELDOF SELFINDEPENDENCE BELIEVE THIS + THE FLOWER OF CONTENTION WILL GROW.RANDOM!
ham,Yes we were outside for like 2 hours. And I called my whole family to wake them up cause it started at 1 am
spam,Filthy stories and GIRLS waiting for your
ham,Went to ganesh dress shop
ham,"Sorry man my account's dry or I would, if you want we could trade back half or I could buy some shit with my credit card"
ham,Detroit. The home of snow. Enjoy it.
ham,"You have come into my life and brought the sun ..Shiny down on me, warming my heart. Putting a constant smile on my face ... Making me feel loved and cared for"
ham,My darling sister. How are you doing. When's school resuming. Is there a minimum wait period before you reapply? Do take care
ham,Reckon need to be in town by eightish to walk from * carpark.
ham,What pa tell me.. I went to bath:-)
ham,"Perhaps * is much easy give your account identification, so i will tomorrow at UNI"
ham,Lol they don't know about my awesome phone. I could click delete right now if I want.
ham,Nooooooo I'm gonna be bored to death all day. Cable and internet outage.
spam,You have won a Nokia 7250i.  To take part send Nokia to 86021 now. HG/Suite342/2Lands Row/W1JHL 16+
ham,Wat makes u thk i'll fall down. But actually i thk i'm quite prone 2 falls. Lucky my dad at home i ask him come n fetch me already.
ham,Have you been practising your curtsey?
ham,"Yeah, that's fine! It's £6 to get in, is that ok? "
ham,Joy's father is John. Then John is the ____ of Joy's father. If u ans ths you hav  &lt;#&gt;  IQ. Tis s IAS question try to answer.
spam,"Dear Voucher Holder, To claim this weeks offer, at you PC please go to http://www.e-tlp.co.uk/reward. Ts&Cs apply."
ham,"K, jason says he's gonna be around so I'll be up there around  &lt;#&gt;"
spam,88800 and 89034 are premium phone services call 08718711108
ham,"that would be good … I'll phone you tomo lunchtime, shall I, to organise something?"
ham,Nothing spl..wat abt u and whr ru?
spam,Hey I am really * want to chat or see me  text to 08718738034
ham,PS U no ur a grown up now right?
spam,"Someone U know has asked our dating service 2 contact you! Cant guess who? CALL 09058095107 NOW all will be revealed. POBox 7, S3XY 150p "
ham,Then just eat a shit and wait for ur monkey face bitch.......... U asshole..................
spam,+123 Congratulations - in this week's competition draw u have won the £1450 prize to claim just call 09050002311 b4280703. T&Cs/stop SMS 08718727868. Over 18 only 150ppm
ham,Minimum walk is 3miles a day.
ham,Jay's getting really impatient and belligerent
ham,So i'm doing a list of buyers.
ham,Hahaha..use your brain dear
ham,"Get the door, I'm here"
ham,Dis is yijue. I jus saw ur mail. In case huiming havent sent u my num. Dis is my num.
spam,"Thank you, winner notified by sms. Good Luck! No future marketing reply STOP to 84122 customer services 08450542832"
spam,"You are guaranteed the latest Nokia Phone, a 40GB iPod MP3 player or a £500 prize! Txt word: COLLECT to No: 83355! IBHltd LdnW15H 150p/Mtmsgrcvd18+"
ham,Lol that's different. I don't go trying to find every real life photo you ever took.
ham,Get down in gandhipuram and walk to cross cut road. Right side &lt;#&gt; street road and turn at first right.
ham,Now got tv 2 watch meh? U no work today?
spam,FreeMsg: Hey - I'm Buffy. 25 and love to satisfy men. Home alone feeling randy. Reply 2 C my PIX! QlynnBV Help08700621170150p a msg Send stop to stop txts
ham,Why you keeping me away like this
ham,"Wen u miss someone, the person is definitely special for u..... But if the person is so special, why to miss them, just Keep-in-touch gdeve.."
spam,Last chance 2 claim ur £150 worth of discount vouchers-Text YES to 85023 now!SavaMob-member offers mobile T Cs 08717898035. £3.00 Sub. 16 . Remove txt X or STOP
ham,Wishing you and your family HAPPY NEW Year ..
ham,"Cool, want me to go to kappa or should I meet you outside mu"
ham,Well then you have a great weekend!
ham,S:)no competition for him.
spam,Free 1st week entry 2 TEXTPOD 4 a chance 2 win 40GB iPod or £250 cash every wk. Txt VPOD to 81303 Ts&Cs www.textpod.net custcare 08712405020.
ham,"Oh k...i'm watching here:), I know what happened"
ham,Call to the number which is available in appointment. And ask to connect the call to waheed fathima.
ham,I'm sorry. I've joined the league of people that dont keep in touch. You mean a great deal to me. You have been a friend at all times even at great personal cost. Do have a great week.|
ham,"Today is ""song dedicated day.."" Which song will u dedicate for me? "
ham,With my sis lor... We juz watched italian job.
ham,All boys made fun of me today. Ok i have no problem. I just sent one message just for fun
ham,";-( oh well, c u later"
ham,Sending you greetings of joy and happiness. Do have a gr8 evening
ham,You still coming tonight?
ham,"Ask g or iouri, I've told the story like ten times already"
spam,"I want some cock! My hubby's away, I need a real man 2 satisfy me. Txt WIFE to 89938 for no strings action. (Txt STOP 2 end, txt rec £1.50ea. OTBox 731 LA1 7WS. )"
ham,Then its most likely called Mittelschmertz. Google it. If you dont have paracetamol dont worry it will go.
ham,"Hey. What happened? U switch off ur cell d whole day. This isnt good. Now if u do care, give me a call tomorrow."
ham,It only does simple arithmetic not percentages.
ham,"Aight, you close by or still down around alex's place?"
ham,Ding me on ya break fassyole! Blacko from londn
ham,"Me not waking up until 4 in the afternoon, sup"
spam,"Please call our customer service representative on 8536074310 between 10am-9pm as you have W0N a guaranteed cash prize of Rs.10,00,000. FL1PKART TEAM"
ham,How are you doing? Hope you've settled in for the new school year. Just wishin you a gr8 day
ham,I didnt get anything da
ham,Well good morning mr . Hows london treatin' ya treacle?
spam,"	We tried to call you re your reply to our sms for a video mobile 750 mins UNLIMITED TEXT free camcorder Reply or call now 08000930705 Del Thurs"
spam,"	You have 1 new voicemail. Please call 08719181513."
ham,We got a divorce. Lol. She.s here
spam,Do you want a new video handset? 750 anytime any network mins? Half Price Line Rental? Camcorder? Reply or call 08000930705 for delivery tomorrow
ham,Just sing HU. I think its also important to find someone female that know the place well preferably a citizen that is also smart to help you navigate through. Even things like choosing a phone plan require guidance. When in doubt ask especially girls.
spam,Buy Space Invaders 4 a chance 2 win orig Arcade Game console. Press 0 for Games Arcade (std WAP charge) See o2.co.uk/games 4 Terms + settings. No purchase
spam,"Dear customer, Due to BVN system upgrade, your ATM CARD has been de-activated by CBN. To re-activate call customer care 08167340838 for help."
ham,Call me when u finish then i come n pick u.
ham,Captain is in our room:)
ham,Shall i start from hear.
spam,Hello. We need some posh birds and chaps to user trial prods for champneys. Can i put you down? I need your address and dob asap. Ta r
ham,Of cos can lar i'm not so ba dao ok... 1 pm lor... Y u never ask where we go ah... I said u would ask on fri but he said u will ask today...
ham,Yes :)it completely in out of form:)clark also utter waste.
spam,"Hey Boys. Want hot XXX pics sent direct 2 ur phone? Txt PORN to 69855, 24Hrs free and then just 50p per day. To stop text STOPBCM SF WC1N3XX"
spam,$9 Only!Sales on Official Oakley Sunglasses Online Store. 2016 New Styles All Up To 75% OFF. Final Day Flash Sale And Free Returns. Official Oakley Sunglasses Outlets At: http:// www.oakleyoutletsco.com
spam,Dear Dave this is your final notice to collect your 4* Tenerife Holiday or #5000 CASH award! Call 09061743806 from landline. TCs SAE Box326 CW25WX 150ppm
ham,Nothing will ever be easy. But don't be looking for a reason not to take a risk on life and love
spam,FREE entry into our £350 weekly competition just text the word WIN to 80086 NOW. 18 T&C www.txttowin.co.uk
spam,URGENT! We are trying to contact U. Todays draw shows that you have won a £2000 prize GUARANTEED. Call 09066358361 from land line. Claim Y87. Valid 12hrs only
ham,ALSO TELL HIM I SAID HAPPY BIRTHDAY
ham,We are supposed to meet to discuss abt our trip... Thought xuhui told you? In the afternoon. Thought we can go for lesson after that
spam,Show ur colours! Euro 2004 2-4-1 Offer! Get an England Flag & 3Lions tone on ur phone! Click on the following service message for info!
spam,"FREE NOKIA Or Motorola with upto 12mths 1/2price linerental, 500 FREE x-net mins&100txt/mth FREE B'tooth*. Call Mobileupd8 on 08001950382 or call 2optout/D3WV"
ham,But that's on ebay it might be less elsewhere.
ham,Hi. I'm sorry i missed your call. Can you pls call back.
spam,"	U are subscribed to the best Mobile Content Service in the UK for £3 per 10 days until you send STOP to 82324. Helpline 08706091795"
ham,"Geeee ... I miss you already, you know ? Your all I can think about.  I can't wait till next year when we will be together ... *loving kiss*"
ham,K..i deleted my contact that why?
ham,Lol I know! They're so dramatic. Schools already closed for tomorrow. Apparently we can't drive in the inch of snow were supposed to get.
spam,Uw ING bankieren app bevat verouderde plugins. klik hieronder om de beveiligde versie te downloaden http://mijn.ing-mobiel.com/update.apk
spam,! Had your mobile 11mths+? You are entitled to update to the latest colour camera mobile for Free! Call The Mobile Update Co FREE on 08002986906
ham,If she takes enough to replace her loss her temp will reduce. And if you give her malaria meds now she will just vomit. Its a self limiting illness she has which means in a few days it will completely stop
ham,Aiyo please ü got time meh.
ham,"I think I‘m waiting for the same bus! Inform me when you get there, if you ever get there."
ham,Where are you call me.
ham,Is it your yahoo boys that bring in the perf? Or legal.
ham,Well there's not a lot of things happening in Lindsay on New years *sighs* Some bars in Ptbo and the blue heron has something going
spam,"	Your credits have been topped up for http://www.bubbletext.com Your renewal Pin is tgxxrz"
spam,"	As a valued customer, I am pleased to advise you that following recent review of your Mob No. you are awarded with a £1500 Bonus Prize, call 09066368470"
ham,Now? I'm going out 4 dinner soon..
ham,"Sir, Waiting for your mail."
spam,URGENT! We are trying to contact you. Last weekends draw shows that you won a £1000 prize GUARANTEED. Call 09064012160. Claim Code K52. Valid 12hrs only. 150ppm
ham,Hurt me... Tease me... Make me cry... But in the end of my life when i die plz keep one rose on my grave and say STUPID I MISS U.. HAVE A NICE DAY BSLVYL
ham,"Are you sure you don't mean ""get here, we made you hold all the weed"""
ham,"We are hoping to get away by 7, from Langport. You still up for town tonight?"
ham,WHITE FUDGE OREOS ARE IN STORES
ham,My supervisor find 4 me one lor i thk his students. I havent ask her yet. Tell u aft i ask her.
ham,"Ok. Can be later showing around 8-8:30 if you want + cld have drink before. Wld prefer not to spend money on nosh if you don't mind, as doing that nxt wk."
spam,URGENT! We are trying to contact you. Last weekends draw shows that you have won a £900 prize GUARANTEED. Call 09061701939. Claim code S89. Valid 12hrs only
ham,"After my work ah... Den 6 plus lor... U workin oso rite... Den go orchard lor, no other place to go liao..."
ham,Still chance there. If you search hard you will get it..
ham,You've already got a flaky parent. It'snot supposed to be the child's job to support the parent...not until they're The Ride age anyway. I'm supposed to be there to support you. And now i've hurt you. unintentional. But hurt nonetheless.
ham,Tell them u have a headache and just want to use 1 hour of sick time.
ham,Dont let studying stress you out. L8r.
ham,Slaaaaave ! Where are you ? Must I summon you to me all the time now ? Don't you wish to come to me on your own anymore?
ham,Hello! How r u? Im bored. Inever thought id get bored with the tv but I am. Tell me something exciting has happened there? Anything! =/
ham,Hey next sun 1030 there's a basic yoga course... at bugis... We can go for that... Pilates intro next sat.... Tell me what time you r free
ham,"Cool, I'll text you when I'm on the way"
ham,My superior telling that friday is leave for all other department except ours:)so it will be leave for you:)any way call waheed fathima hr and conform it:)
ham,Idk. I'm sitting here in a stop and shop parking lot right now bawling my eyes out because i feel like i'm a failure in everything. Nobody wants me and now i feel like i'm failing you.
spam,Your credits have been topped up for http://www.bubbletext.com Your renewal Pin is tgxxrz
ham,Better. Made up for Friday and stuffed myself like a pig yesterday. Now I feel bleh. But at least its not writhing pain kind of bleh.
ham,"Well, I meant as opposed to my drunken night of before"
ham,Gain the rights of a wife.dont demand it.i am trying as husband too.Lets see
ham,Sounds great! Are you home now?
ham,"Love isn't a decision, it's a feeling. If we could decide who to love, then, life would be mechanical�"
ham,Quite ok but a bit ex... U better go eat smth now else i'll feel guilty...
spam,Congrats! Nokia 3650 video camera phone is your Call 09066382422 Calls cost 150ppm Ave call 3mins vary from mobiles 16+ Close 300603 post BCM4284 Ldn WC1N3XX
spam,FREE for 1st week! No1 Nokia tone 4 ur mob every week just txt NOKIA to 8007  www.getzed.co.uk POBox 36504 W45WQ norm150p/tone 16+
ham,No go. No openings for that room 'til after thanksgiving without an upcharge.
ham,The wine is flowing and i'm i have nevering..
ham,I'll reach in ard 20 mins ok...
ham,"We are at grandmas. Oh dear, u still ill? I felt Shit this morning but i think i am just hungover! Another night then. We leave on sat."
ham,Crucify is c not s. You should have told me earlier.
ham,70 mins but i had to stop somewhere first.
ham,32.5 m but its not a common car here so its better to buy from china or asia. Or if i find it less expensive. I.ll holla
spam,88066 FROM 88066 LOST 3POUND HELP
ham,"You are always putting your business out there. You put pictures of your ass on facebook. You are one of the most open people i've ever met. Why would i think a picture of your room would hurt you, make you feel violated."
spam,PRIVATE! Your 2003 Account Statement for 07808247860 shows 800 un-redeemed S. I. M. points. Call 08719899229 Identifier Code: 40411 Expires 06/11/04
ham,"I met you as a stranger and choose you as my friend. As long as the world stands, our friendship never ends. Lets be Friends forever!!! Gud nitz..."
ham,K.then any other special?
ham,He  chickened out. He messaged me he would be late and woould buzz me and then I didn't hear a word from him
ham,It's ok lar. U sleep early too... Nite...
ham,No we sell it all so we'll have tons if coins. Then sell our coins to someone thru paypal. Voila! Money back in life pockets:)
ham,Are you wet right now?
spam,Camera - You are awarded a SiPix Digital Camera! call 09061221065 fromm landline. Delivery within 8 days
ham,Not from this campus. Are you in the library?
ham,Badrith is only for chennai:)i will surely pick for us:)no competition for him.
ham,Ugh its been a long day. I'm exhausted. Just want to cuddle up and take a nap
ham,What not under standing.
ham,No wonder... Cos i dun rem seeing a silver car... But i thk i saw a black one...
ham,No chikku nt yet.. Ya i'm free
ham,"There're some people by mu, I'm at the table by lambda"
ham,Wherre's my boytoy ? :-(
ham,I love your ass! Do you enjoy doggy style? :)
ham,I take it the post has come then! You must have 1000s of texts now! Happy reading. My one from wiv hello caroline at the end is my favourite. Bless him
ham,Reason is if the team budget is available at last they buy the unsold players for at base rate..
spam,"	Reminder: You have not downloaded the content you have already paid for. Goto http://doit. mymoby. tv/ to collect your content."
ham,Designation is software developer and may be she get chennai:)
ham,"Sorry my roommates took forever, it ok if I come by now?"
ham,I have a sore throat. It's scratches when I talk
spam,"URGENT!! Your 4* Costa Del Sol Holiday or £5000 await collection. Call 09050090044 Now toClaim. SAE, TC s, POBox334, Stockport, SK38xh, Cost£1.50/pm, Max10mins"
ham,I know you mood off today
ham,No dear i do have free messages without any recharge. Hi hi hi
ham,Watching telugu movie..wat abt u?
ham,"Oh, then your phone phoned me but it disconnected"
ham,Aft i finish my lunch then i go str down lor. Ard 3 smth lor. U finish ur lunch already?
ham,That's y i said it's bad dat all e gals know u... Wat u doing now?
spam,"Shop till u Drop, IS IT YOU, either 10K, 5K, £500 Cash or £100 Travel voucher, Call now, 09064011000. NTT PO Box CR01327BT fixedline Cost 150ppm mobile vary"
ham,Go where n buy? Juz buy when we get there lar.
ham,Purity of friendship between two is not about smiling after reading the forwarded message..Its about smiling just by seeing the name. Gud evng musthu
ham,On the way to office da..
ham,"Dude. What's up. How Teresa. Hope you have been okay. When i didnt hear from these people, i called them and they had received the package since dec  &lt;#&gt; . Just thot you'ld like to know. Do have a fantastic year and all the best with your reading. Plus if you can really really Bam first aid for Usmle, then your work is done."
spam,Please call our customer service representative on 0800 169 6032 between 10am-9pm as you have WON a guaranteed £2000 cash or £6000 prize!
ham,Dai what this da.. Can i send my resume to this id.
spam,Thanks for the Vote. Now sing along with the stars with Karaoke on your mobile. For a FREE link just reply with SING now.
spam,FREE for 1st week! No1 Nokia tone 4 ur mob every week just txt NOKIA to 8007 Get txting and tell ur mates www.getzed.co.uk
ham,K I'll be there before 4.
ham,Pls send me the correct name da.
ham,Think I could stop by in like an hour or so? My roommate's looking to stock up for a trip
ham,She is annoying... I hate when she does this...She turns what should be a fun trip into an annoying day of what she wants
ham,"A swt thought: ""Nver get tired of doing little things 4 lovable persons.."" Coz..somtimes those little things occupy d biggest part in their Hearts.. Gud ni8"
ham,Tired. I haven't slept well the past few nights.
ham,Wat's da model num of ur phone?
spam,Get a FREE mobile video player FREE movie. To collect text GO to 89105. Its free! Extra films can be ordered t's and c's apply. 18 yrs only
ham,Oops my phone died and I didn't even know. Yeah I like it better.
ham,My birthday is on feb  &lt;#&gt;  da. .
ham,"Sorry, I'll call later�buzy in some work.."
ham,Wat time do u wan 2 meet me later?
spam,U 447801259231 have a secret admirer who is looking 2 make contact with U-find out who they R*reveal who thinks UR so special-call on 09058094597
ham,Friends that u can stay on fb chat with
ham,If we win its really no 1 side for long time.
ham,Anything lar...
ham,Hey company elama po mudyadhu.
spam,Hi 07734396839 IBH Customer Loyalty Offer: The NEW NOKIA6600 Mobile from ONLY £10 at TXTAUCTION!Txt word:START to No:81151 & get Yours Now!4T&
ham,Sry da..jst nw only i came to home..
spam,"1000's flirting NOW! Txt GIRL or BLOKE & ur NAME & AGE, eg GIRL ZOE 18 to 8007 to join and get chatting!"
spam,PRIVATE! Your 2003 Account Statement for 07815296484 shows 800 un-redeemed S.I.M. points. Call 08718738001 Identifier Code 41782 Expires 18/11/04
ham,I am going to sleep. I am tired of travel.
spam,You have WON a guaranteed £1000 cash or a £2000 prize. To claim yr prize call our customer service representative on 08714712412 between 10am-7pm Cost 10p
ham,Yup having my lunch buffet now.. U eat already?
ham,Sent me ur email id soon�.I will sent that�
ham,Ya very nice. . .be ready on thursday
ham,Prabha..i'm soryda..realy..frm  my heart
ham,Watch lor. I saw a few swatch one i thk quite ok. Ard 116 but i need 2nd opinion leh...
ham,Do u know what is real FRIENDSHIP
ham,Why didn't u call on your lunch?
ham,But i juz remembered i gotta bathe my dog today..
ham,Yeah whatever lol
ham,Yar lor... How u noe? U used dat route too?
ham,Pete can you please ring meive hardly gotany credit
ham,2 and half years i missed your friendship:-)
ham,Hope you are having a good TIME.
ham,Have you heard about that job? I'm going to that wildlife talk again tonight if u want2come. Its that2worzels and a wizzle or whatever it is?!
ham,Wife.how she knew the time of murder exactly
ham,Sounds great! Im going to sleep now. Have a good night!
spam,"You are being contacted by our dating service by someone you know! To find out who it is, call from a land line 09050000878. PoBox45W2TG150P"
ham,K k :-):-) then watch some films.
ham,Hai dear friends... This is my new &amp; present number..:) By Rajitha Raj (Ranju)
spam,"Play CricEx LIVE during India vs. Netherlands match - WIN iPad,  Blackberry & Team India Jerseys at the end of the match. Logon to http://m.ibibo.com/c/10"
spam,Fancy a shag? I do.Interested? sextextuk.com txt XXUK SUZY to 69876. Txts cost 1.50 per msg. TnCs on website. X
ham,Ujhhhhhhh computer shipped out with address to sandiago and parantella lane. Wtf. Poop.
ham,I'm job profile seems like bpo..
ham,How much is torch in 9ja.
spam,"NO EMI TILL POSSESSION. Today group on Noida Exprsway offer once upon life time offer 2BR-930sft-Rs15, 046pm Sample appt ready 5min from Amity 9999975317"
ham,Anything is valuable in only 2 situations: First- Before getting it... Second- After loosing it...
ham,"It's ok, at least armand's still around"
ham,"Ha ha nan yalrigu heltini..Iyo kothi chikku, u shared many things wit me..so far i didn't told any body and even uttered a word abt u.. If ur trusting me so much how can i tell these to others.. Plz nxt time dont use those words to me..ok, chikku:-);-)B-)"
ham,S...i will take mokka players only:)
ham,Yes:)from last week itself i'm taking live call.
ham,If you're not in my car in an hour and a half I'm going apeshit
ham,"Yo carlos, a few friends are already asking me about you, you working at all this weekend?"
ham,Dude while were makin those weirdy brownies my sister made awesome cookies. I took pics.
ham,Ummmmmaah Many many happy returns of d day my dear sweet heart..
ham,The evo. I just had to download flash. Jealous?
ham,Fffff. Can you text kadeem or are you too far gone
ham,Nobody names their penis a girls name this story doesn't add up at all
spam,You are awarded a SiPix Digital Camera! call 09061221062 from landline. Delivery within 28days. T Cs Box177. M221BP. 2yr warranty. 150ppm.
ham,Cos daddy arranging time c wat time fetch ü mah...
spam,Natalja (25/F) is inviting you to be her friend.  See her: www.SMS.ac/u/nat27081980 STOP? Send STOP FRND to 62468
ham,Hey pple...$700 or $900 for 5 nights...Excellent location wif breakfast hamper!!!
ham,All day working day:)except saturday and sunday..
ham,Looks like u wil b getting a headstart im leaving here bout 2.30ish but if u r desperate for my company I could head in earlier-we were goin to meet in rummer.
ham,All sounds good. Fingers . Makes it difficult to type
ham,Yeah that'd pretty much be the best case scenario
ham,"Now, whats your house # again ? And do you have any beer there ?"
ham,I can't believe how attached I am to seeing you every day. I know you will do the best you can to get to me babe. I will go to teach my class at your midnight
spam,"Todays Vodafone numbers ending 5347 are selected to receive a Rs.2,00,000 award. If you have a match please call 6299257179 quoting claim code 2041 standard rates apply"
spam,"Dear V0DAF0NE Customer,You are a 5,00,000 winner of Guaranteed Caller Prize, this is our Final attempt to contact you! To Claim Call 8927307655 Now! "
ham,Hi mate its RV did u hav a nice hol just a message 3 say hello coz havent sent u 1 in ages started driving so stay off roads!RVx
ham,Its a great day. Do have yourself a beautiful one.
ham,"Like  &lt;#&gt; , same question"
ham,Lol ok ill try to send. Be warned Sprint is dead slow. You'll prolly get it tomorrow
ham,Hi. Happy New Year. I dont mean to intrude but can you pls let me know how much tuition you paid last semester and how much this semester is. Thanks
ham,"Yo my trip got postponed, you still stocked up?"
ham,Ard 515 like dat. Y?
ham,How would my ip address test that considering my computer isn't a minecraft server
ham,Hi its in durban are you still on this number
ham,"Haven't found a way to get another app for your phone, eh ? Will you go to the net cafe ? Did you take that job? Geeee I need you babe. I crave to see you ..."
ham,Draw va?i dont think so:)
ham,Your opinion about me? 1. Over 2. Jada 3. Kusruthi 4. Lovable 5. Silent 6. Spl character 7. Not matured 8. Stylish 9. Simple
ham,"Aight, tomorrow around  &lt;#&gt;  it is"
ham,Usually the body takes care of it buy making sure it doesnt progress. Can we pls continue this talk on saturday.
spam,WE WILL HOLD YOUR PAYTM AMOUNT AFTER SOMETIME COMPLETE YOUR PAYTM KYC PAYTM OFFICE PH 8927307655
ham,Haf u found him? I feel so stupid da v cam was working.
ham,"Give her something to drink, if she takes it and doesn't vomit then you her temp might drop. If she unmits however let me know."
ham,"I've got  &lt;#&gt; , any way I could pick up?"
ham,I love u 2 babe! R u sure everything is alrite. Is he being an idiot? Txt bak girlie
ham,"Could you not read me, my Love ? I answered you"
ham,Ok how you dear. Did you call chechi
ham,Ok�lets wait..
spam,Please call Amanda with regard to renewing or upgrading your current T-Mobile handset free of charge. Offer ends today. Tel 0845 021 3680 subject to T's and C's
ham,Let me know how it changes in the next 6hrs. It can even be appendix but you are out of that age range. However its not impossible. So just chill and let me know in 6hrs
spam,PRIVATE! Your 2003 Account Statement for shows 800 un-redeemed S. I. M. points. Call 08718738002 Identifier Code: 48922 Expires 21/11/04
ham,Yup n her fren lor. I'm meeting my fren at 730.
ham,Been up to ne thing interesting. Did you have a good birthday? When are u wrking nxt? I started uni today.
ham,... Are you in the pub?
ham,Yes..gauti and sehwag out of odi series.
ham,Hi..i got the money da:)
ham,"Probably gonna be here for a while, see you later tonight &lt;)"
ham,I.ll post her out l8r. In class
ham,She told to hr that he want posting in chennai:)because i'm working here:)
ham,"Ditto. And you won't have to worry about me saying ANYTHING to you anymore. Like i said last night, you do whatever you want and i'll do the same. Peace."
ham,"Sorry man, my stash ran dry last night and I can't pick up more until sunday"
ham,"Ugh y can't u just apologize, admit u were wrong and ask me to take u back?"
spam,"Dear Customer,U've been selected to stay in F1VE STAR hotels - FOR T0DAY'S DRAW! Holiday valued at INR 5,00,000.Dial 7679046492 to claim"
ham,"U so lousy, run already come back then half dead... Hee..."
ham,That's y we haf to combine n c how lor...
spam,"U've been selected to stay in 1 of 250 top British hotels - FOR NOTHING! Holiday valued at £350! Dial 08712300220 to claim - National Rate Call. Bx526, SW73SS"
spam,"Minimal documentation,  Quick approval,  Low rates. Home Loan @9.25%.Loan Against Properties@11.5%. Call on 011-43065228 visit www.mymoneymantra.com.T$C apply."
ham,Let Ur Heart Be Ur Compass Ur Mind Ur Map Ur Soul Ur Guide And U Will Never loose in world....gnun - Sent via WAY2SMS.COM
ham,You are a great role model. You are giving so much and i really wish each day for a miracle but God as a reason for everything and i must say i wish i knew why but i dont. I've looked up to you since i was young and i still do. Have a great day.
ham,Mom wants to know where you at
spam,"To cancel this order you should visit http/aetacms.com/.cas/auo.html/redirect-aopis.it�to review your details. if you need additional help, contact Apple Support."
ham,I'm done...
ham,"I‘ll leave around four, ok?"
ham,"Awesome, text me when you're restocked"
spam,"Congratulations! Thanks to a good friend U have WON the £2,000 Xmas prize. 2 claim is easy, just call 08718726971 NOW! Only 10p per minute. BT-national-rate."
ham,I not free today i haf 2 pick my parents up tonite...
ham,Well obviously not because all the people in my cool college life went home ;_;
ham,Ya but it cant display internal subs so i gotta extract them
ham,"Sorry, I'll call later..I am in a meeting"
ham,Lil fever:) now fine:)
ham,"As usual..iam fine, happy &amp; doing well..:) what about u?"
ham,I got your back! Do you have any dislikes in bed?
ham,Oh sorry please its over
spam,Want 2 get laid tonight? Want real Dogging locations sent direct 2 ur Mob? Join the UK's largest Dogging Network by txting MOAN to 69888Nyt. ec2a. 31p.msg@150p
ham,Actually getting ready to leave the house.
spam,"GOV.UK ALERT CORONAVIRUS It has come to our attention that you have been out of the house more than once. Due to this irresponsible behaviour, we are issuing you a formal warning and �250 fine. If this continues, the fine could increase to a maximum of �5000 and/or an arrest. Payment will be taken automatically out of your account. Call 0800345 9999 for any enquiries or to appeal."
ham,I will come with karnan car. Please wait till 6pm will directly goto doctor.
spam,"Nationwide has noticed your debit card was recently used on 23-05-2012 11:04:43, at APPLE ONLINE STORE for 1920.00 GBP If not you please urgently call fraud prevention on 03303800233 or Intl +443303800231. Do not reply by SMS http://www.nationwide.co.uk/"
spam,Wanna have a laugh? Try CHIT-CHAT on your mobile now! Logon by txting the word: CHAT and send it to No: 8883 CM PO Box 4217 London W1A 6ZF 16+ 118p/msg rcvd
ham,hiya hows it going in sunny africa? hope u r avin a good time. give that big old silver back a big kiss from me.
ham,No need to ke qi... Ü too bored izzit y suddenly thk of this...
ham,Send me the new number
ham,Convey my regards to him�best wishes..
ham,Ard 530 like dat lor. We juz meet in mrt station then ü dun haf to come out.
ham,"Well, i'm gonna finish my bath now. Have a good...fine night."
spam,You have won a Nokia 7250i. This is what you get when you win our FREE auction. To take part send Nokia to 86021 now. HG/Suite342/2Lands Row/W1JHL 16+
ham,Ok which your another number
ham,Ok darlin i supose it was ok i just worry too much.i have to do some film stuff my mate and then have to babysit again! But you can call me there.xx
ham,"It‘s reassuring, in this crazy world."
ham,Imagine Life WITHOUT ME... see.. How fast u are searching me?Don't worry.. l'm always there To disturb U.. Goodnoon..:)
ham,Sorry i'm not free...
spam,22 days to kick off! For Euro2004 U will be kept up to date with the latest news and results daily. To be removed send GET TXT STOP to 83222
ham,Just haven't decided where yet eh ?
ham,hi baby im sat on the bloody bus at the mo and i wont be home until about 7:30 wanna do somethin later? call me later ortxt back jess xx
ham,Sos! Any amount i can get pls.
ham,Wah lucky man... Then can save money... Hee...
ham,I'm watching lotr w my sis dis aft. So u wan 2 meet me 4 dinner at nite a not?
spam,Call FREEPHONE 0800 542 0578 now!
ham,Pls help me tell sura that i'm expecting a battery from hont. And that if should pls send me a message about how to download movies. Thanks
ham,Nope. Meanwhile she talk say make i greet you.
ham,U GOIN OUT 2NITE?
ham,She is annoying... She turns what should be a fun trip into an annoying day of what she wants
ham,How much i gave to you. Morning.
spam,"Todays Vodafone numbers ending 7148 are selected to receive a Rs.2,00,000 award. If you have a match please call 7679046492 quoting claim code 7834 standard rates apply"
ham,Wait.i will come out.. &lt;#&gt;  min:)
ham,Long time. You remember me today.
ham,"Hello baby, did you get back to your mom's ? Are you setting up the computer now ? Filling your belly ? How goes it loverboy ? I miss you already ... *sighs*"
spam,You can donate £2.50 to UNICEF's Asian Tsunami disaster support fund by texting DONATE to 864233. £2.50 will be added to your next bill
ham,"What's up bruv, hope you had a great break. Do have a rewarding semester."
ham,I wanted to ask ü to wait 4 me to finish lect. Cos my lect finishes in an hour anyway.
ham,"Yup, leaving right now, be back soon"
ham,"Sorry, I'll call later ..In meeting."
ham,From someone not to smoke when every time I've smoked in the last two weeks is because of you calling or texting me that you wanted to smoke
ham,That seems unnecessarily hostile
spam,"Congratulations! Thanks to a good friend U have WON the £2,000 Xmas prize. 2 claim is easy, just call 08718726978 NOW! Only 10p per minute. BT-national-rate"
ham,K..k..i'm also fine:)when will you complete the course?
ham,Aiyah ok wat as long as got improve can already wat...
ham,I absolutely LOVE South Park! I only recently started watching the office.
ham,Some of them told accenture is not confirm. Is it true.
ham,Thank u!
ham,You gonna ring this weekend or wot?
ham,I love to wine and dine my lady!
ham,That day you asked about anand number. Why:-)
ham,Saw Guys and Dolls last night with Patrick Swayze it was great
ham,Hey gals.. Anyone of u going down to e driving centre tmr?
ham,Yeah we do totes. When u wanna?
ham,will you like to be spoiled? :)
ham,Somebody should go to andros and steal ice
ham,Can not use foreign stamps in this country. Good lecture .
spam,TheMob>Yo yo yo-Here comes a new selection of hot downloads for our members to get for FREE! Just click & open the next link sent to ur fone...
spam,* FREE* POLYPHONIC RINGTONE Text SUPER to 87131 to get your FREE POLY TONE of the week now! 16 SN PoBox202 NR31 7ZS subscription 450pw
ham,I know I'm lacking on most of this particular dramastorm's details but for the most part I'm not worried about that
ham,HOW ARE U? I HAVE MISSED U! I HAVENT BEEN UP 2 MUCH A BIT BORED WITH THE HOLIDAY WANT 2 GO BAK 2 COLLEGE! SAD ISNT IT?xx
ham,Did he just say somebody is named tampa
ham,Near kalainar tv office.thenampet
ham,"fyi I'm at usf now, swing by the room whenever"
spam,"	Dear Voucher Holder, To claim this weeks offer, at your PC please go to http://www.wtlp.co.uk/text. Ts&Cs apply."
ham,"Alright, we're all set here, text the man"
ham,We are okay. Going to sleep now. Later
ham,Oh unintentionally not bad timing. Great. Fingers  the trains play along! Will give fifteen min warning.
ham,Aight what time you want me to come up?
spam,Bought one ringtone and now getting texts costing 3 pound offering more tones etc
spam,Friendly reminder- don't forget to confirm your SAM update from the other day!�http://rghst.rocks/ GBs630y
ham,Okay... We wait ah
ham,"Oops I did have it,  &lt;#&gt; ?"
spam,Hi if ur lookin 4 saucy daytime fun wiv busty married woman Am free all next week Chat now 2 sort time 09099726429 JANINExx Calls£1/minMobsmoreLKPOBOX177HP51FL
ham,He dint tell anything. He is angry on me that why you told to abi.
ham,No prob. I will send to your email.
ham,For fear of fainting with the of all that housework you just did? Quick have a cuppa
ham,Sun ah... Thk mayb can if dun have anythin on... Thk have to book e lesson... E pilates is at orchard mrt u noe hor...
ham,Nothing but we jus tot u would ask cos u ba gua... But we went mt faber yest... Yest jus went out already mah so today not going out... Jus call lor...
spam,"Had your contract mobile 11 Mnths? Latest Motorola, Nokia etc. all FREE! TEXT YES for callback, no to remove from records"
spam,"Someone U know has asked our dating service 2 contact you! Cant Guess who? CALL 09058097189 NOW all will be revealed. POBox 6, LS15HB 150p "
ham,I'm good. Have you registered to vote?
spam,Back 2 work 2morro half term over! Can U C me 2nite 4 some sexy passion B4 I have 2 go back? Chat NOW 09099726481 Luv DENA Calls £1/minMobsmoreLKPOBOX177HP51FL
spam,"Dear Customer Your order of 42.84 Euro has been approved if you didnt purchased anything or it you believe an unauthorized person has accessed your account, please access the link below http:/95.141.32.7:81/orders.aspx"
spam,"Dear customer your PAY2TMKYC has been expired, It�s will be bl0cked within 24 hour, please contact customer! Care ph� 7044518857 immediately to verify"
ham,Sorry. || mail? ||
ham,Hey darlin.. i can pick u up at college if u tell me wen & where 2 mt.. love Pete xx
ham,Good morning princess! How are you? Take care�.keep in touch..
ham,Yes princess! I want to catch you with my big strong hands...
ham,Aiyah then i wait lor. Then u entertain me. Hee...
ham,"We made it! Eta at taunton is 12:30 as planned, hope that‘s still okday?! Good to see you! :-xx"
spam,reat Deals at The MobileStore. Get Rs 100 Off on mobile purchases above Rs 5000. Rush offer valid till 21st Feb. Show MCoupon RPD897348602131 . T & C
spam,Update_Now - 12Mths Half Price Orange line rental: 400mins...Call MobileUpd8 on 08000839402 or call2optout=J5Q
ham,Can you plz tell me the answer. Reeta sent via fullonsms.com
ham,Yes. Rent is very expensive so its the way we save.
ham,"Dont give a monkeys wot they think and i certainly don't mind. Any friend of mine&all that! Just don't sleep wiv , that wud be annoyin!"
ham,Its ok..come to my home it vl nice to meet and v can chat..
ham,"I'm not sure, I was just checking out what was happening around the area"
ham,"Lets use it next week, princess :)"
ham,"You might want to pull out more just in case and just plan on not spending it if you can, I don't have much confidence in derek and taylor's money management"
ham,How do friends help us in problems? They give the most stupid suggestion that Lands us into another problem and helps us forgt the previous problem
spam,goldviking (29/M) is inviting you to be his friend. Reply YES-762 or NO-762 See him: www.SMS.ac/u/goldviking STOP? Send STOP FRND to 62468
spam,For 4 a chance 2 win 40GB iPod or £250 cash every wk. Txt POD to 84128 Ts&Cs www.textpod.net custcare 08712405020.
spam,Promotion Number: 8714714 - UR awarded a City Break and  a £200 Summer Shopping spree. 08718738034
ham,"And very importantly, all we discuss is between u and i only."
spam,"SMSSERVICES. for yourinclusive text credits, pls goto www.comuk.net login= 3qxj9 unsubscribe with STOP, no extra charge. help 08702840625.COMUK. 220-CM2 9AE"
ham,Ugh hopefully the asus ppl dont randomly do a reformat.
ham,"Machan you go to gym tomorrow,  i wil come late goodnight."
ham,"I wonder how you got online, my love ? Had you gone to the net cafe ? Did you get your phone recharged ? Were you on a friends net ? I think of you, boytoy"
ham,"A famous quote : when you develop the ability to listen to 'anything' unconditionally without losing your temper or self confidence, it means you are ......... 'MARRIED'"
ham,No shoot me. I'm in the docs waiting room. :/
spam,"Urgent UR awarded a complimentary trip to EuroDisinc Trav, Aco&Entry41 Or £1000. To claim txt DIS to 87121 18+6*£1.50(moreFrmMob. ShrAcomOrSglSuplt)10, LS1 3AJ"
ham,"1.20 that call cost. Which i guess isnt bad. Miss ya, need ya, want ya, love ya"
ham,Purity of friendship between two is not about smiling after reading the forwarded message..Its about smiling just by seeing the name. Gud evening and stay blessed
spam,"	**FREE MESSAGE**Thanks for using the Auction Subscription Service. 18 . 150p/MSGRCVD 2 Skip an Auction txt OUT. 2 Unsubscribe txt STOP CustomerCare 08718726270"
ham,K:)k:)good:)study well.
ham,"Oh, my love, it's soooo good to hear from you. Omg I missed you so much today. I'm sorry your having problems with the provider but thank you for tming me"
spam,"Today's Offer! Claim ur £150 worth of discount vouchers! Text YES to 85023 now! SavaMob, member offers mobile! T Cs 08717898035. £3.00 Sub. 16 . Unsub reply X"
ham,Babe ? I lost you ... :-(
ham,Ok im not sure what time i finish tomorrow but i wanna spend the evening with you cos that would be vewy vewy lubly! Love me xxx
ham,"Oh really? perform, write a paper, go to a movie AND be home by midnight, huh?"
ham,Yes. I come to nyc for audiitions and am trying to relocate.
spam,"This is the 2nd time we have tried 2 contact u. U have won the 750 Pound prize. 2 claim is easy, call 08712101358 NOW! Only 10p per min. "
ham,Once free call me sir.
ham,Am not working but am up to eyes in philosophy so will text u later when a bit more free for chat...
ham,Dont pick up d call when something important is There to tell. Hrishi
ham,"Sorry chikku, my cell got some problem thts y i was nt able to reply u or msg u.."
ham,"The guy at the car shop who was flirting with me got my phone number from the paperwork and called and texted me. I'm nervous because of course now he may have my address. Should i call his boss and tell him, knowing this may get him fired?"
ham,I AM AT A PARTY WITH ALEX NICHOLS
ham,I dont know ask to my brother. Nothing problem some thing that. Just i told .
ham,Dont kick coco when he's down
ham,Not thought bout it... || Drink in tap & spile at seven. || Is that pub on gas st off broad st by canal. || Ok?
ham,"Sorry, it's a lot of friend-of-a-friend stuff, I'm just now about to talk to the actual guy who wants to buy"
ham,"Alright, I'll head out in a few minutes, text me where to meet you"
ham,I'm at home. Please call
ham,Maybe?! Say hi to  and find out if  got his card. Great escape or wetherspoons?
spam,"Double mins and txts 4 6months FREE Bluetooth on Orange. Available on Sony, Nokia Motorola phones. Call MobileUpd8 on 08000839402"
ham,These won't do. Have to move on to morphine
ham,Do u ever get a song stuck in your head for no reason and it won't go away til u listen to it like 5 times?
ham,I'm gonna say no. Sorry. I would but as normal am starting to panic about time. Sorry again! Are you seeing on Tuesday?
ham,Thk some of em find wtc too far... Weiyi not goin... E rest i dunno yet... R ur goin 4 dinner den i might b able to join...
ham,I was just callin to say hi. Take care bruv!
ham,For my family happiness..
ham,"She was supposed to be but couldn't make it, she's still in town though"
ham,"Oh, yes, I've just been a little under the weather so i've kind of been coccooning at home"
ham,She's fine. Sends her greetings
spam,ree entry in 2 a weekly comp for a chance to win an ipod. Txt POD to 80182 to get entry (std txt rate) T&C's apply 08452810073 for details 18+
ham,Oh k.i think most of wi and nz players unsold.
ham,Hi.what you think about match?
ham,Oh ok..
ham,I'm ok. Will do my part tomorrow
ham,"Sorry, I'll call later..in a meeting.."
ham,excellent. I spent  &lt;#&gt;  years in the Air Force. Iraq and afghanistan. I am stable and honest. do you like traveling?
ham,No drama Pls.i have had enough from you and family while i am struggling in the hot sun in a strange place.No reason why there should be an ego of not going 'IF NOT INVITED' when actually its necessity to go.wait for very serious reppurcussions.
ham,"Hey, I missed you tm of last night as my phone was on the charge ... *smiles* ... I am meeting a friend shortly"
ham,Ü come lt 25 n pass to me lar
spam,"Please call our customer service representative on FREEPHONE 0808 145 5645 between 9am-11pm as you have WON a guaranteed INR 5,00,000 cash  prize!"
ham,Man this bus is so so so slow. I think you're gonna get there before me
ham,You know what hook up means right?
ham,Stupid.it is not possible
ham,HI DARLIN I HOPE YOU HAD A NICE NIGHT I WISH I HAD COME CANT WAIT TO SEE YOU LOVE FRAN PS
ham,Take some small dose tablet for fever
ham,We live in the next  &lt;#&gt; mins
ham,I borrow ur bag ok.
spam,"	YOU ARE CHOSEN TO RECEIVE A £350 AWARD! Pls call claim number 09066364312 to collect your award which you are selected to receive as a valued mobile customer."
spam,<Forwarded from 448712404000>Please CALL 08712404000 immediately as there is an urgent message waiting for you.
ham,So lets make it saturday or monday as per convenience.
ham,Our Prasanth ettans mother passed away last night. Just pray for her soul�
ham,I hate what she does... She turns what should be a fun trip into an annoying day of quarrels and whatever she want her house looks like..
ham,Yes princess! I want to make you happy...
ham,Yes. that will be fine. Love you. Be safe.
ham,Leave it de:-). Start Prepare for next:-)..
ham,Of course. I guess god's just got me on hold right now.
ham,5 nights...We nt staying at port step liao...Too ex
ham,I dont thnk its a wrong calling between us
spam,"	Free Msg: Ringtone!From: http://tms. widelive.com/index. wml?id=1b6a5ecef91ff9*37819&first=true18:0430-JUL-05"
ham,"Buzz! Hey, my Love ! I think of you and hope your day goes well. Did you sleep in ? I miss you babe. I long for the moment we are together again*loving smile*"
ham,I can make lasagna for you... vodka...
ham,"2 celebrate my bday, y else?"
spam,Hi. Customer Loyalty Offer:The NEW Nokia6650 Mobile from ONLY £10 at TXTAUCTION! Txt word: START to No: 81151 & get yours Now! 4T&Ctxt TC 150p/MTmsg
spam,"	Romantic Paris. 2 nights, 2 flights from £79 Book now 4 next year. Call 08704439680Ts&Cs apply."
ham,At the funeral home with Audrey and dad
ham,Hey!!! I almost forgot ... Happy B-day babe ! I love ya!!
ham,Same. Wana plan a trip sometme then
ham,I wish things were different. I wonder when i will be able to show you how much i value you. Pls continue the brisk walks no drugs without askin me please and find things to laugh about. I love you dearly.
ham,Okay lor... Wah... like that def they wont let us go... Haha... What did they say in the terms and conditions?
ham,PICK UR FONE UP NOW U DUMB?
ham,Bognor it is! Should be splendid at this time of year.
ham,They are just making it easy to pay back. I have  &lt;#&gt; yrs to say but i can pay back earlier. You get?
ham,Miss call miss call khelate kintu opponenter miss call dhorte lage. Thats d rule. One with great phone receiving quality wins.
ham,Yeh. Indians was nice. Tho it did kane me off a bit he he. We shud go out 4 a drink sometime soon. Mite hav 2 go 2 da works 4 a laugh soon. Love Pete x x
spam,T-Mobile customer you may now claim your FREE CAMERA PHONE upgrade & a pay & go sim card for your loyalty. Call on 0845 021 3680.Offer ends 28thFeb.T&C's apply
spam,Great NEW Offer - DOUBLE Mins & DOUBLE Txt on best Orange tariffs AND get latest camera phones 4 FREE! Call MobileUpd8 free on 08000839402 NOW! or 2stoptxt T&Cs
ham,Thanx 4 sending me home...
ham,No calls..messages..missed calls
ham,"Goodmorning, today i am late for 3 min."
ham,Pls dont restrict her from eating anythin she likes for the next two days.
ham,"Babe, I need your advice"
ham,Hello beautiful r u ok? I've kinda ad a row wiv and he walked out the pub?? I wanted a night wiv u Miss u
ham,"Si.como no?!listened2the plaid album-quite gd&the new air1 which is hilarious-also boughtbraindancea comp.ofstuff on aphexs ;abel,u hav2hear it!c u sn xxxx"
ham,It vl bcum more difficult..
ham,Hi kindly give us back our documents which we submitted for loan from STAPATI
ham,Leave it. U will always be ignorant.
spam,"Had your contract mobile 11 Mnths? Latest Motorola, Nokia etc. all FREE! Double Mins & Text on Orange tariffs. TEXT YES for callback, no to remove from records."
ham,Ok lor thanx... Ü in school?
spam,U can WIN £100 of Music Gift Vouchers every week starting NOW Txt the word DRAW to 87066 TsCs www.ldew.com .150ppermessSubscription
spam,http//tms. widelive.com/index. wml?id=820554ad0a1705572711&first=true¡C C Ringtone¡
spam,"Got what it takes 2 take part in the WRC Rally in Oz? U can with Lucozade Energy! Text RALLY LE to 61200 (25p), login to lucozade.co.uk/wrc "
ham,There r many model..sony ericson also der.. &lt;#&gt; ..it luks good bt i forgot modl no
ham,Dear we got  &lt;#&gt;  dollars hi hi
ham,"Goodnight, sleep well da please take care pa. Please."
ham,Are you willing to go for apps class.
ham,Ho ho - big belly laugh! See ya tomo
ham,Wah... Okie okie... Muz make use of e unlimited... Haha...
ham,"7 wonders in My WORLD 7th You 6th Ur style 5th Ur smile 4th Ur Personality 3rd Ur Nature 2nd Ur SMS and 1st ""Ur Lovely Friendship""... Wish u a happy birth day"
ham,"Wen ur lovable bcums angry wid u, dnt take it seriously.. Coz being angry is d most childish n true way of showing deep affection.."
ham,Weightloss! No more girl friends. Make loads of money on ebay or something. And give thanks to God.
ham,Otherwise had part time job and tuition..now its difficult�
ham,You'd like that wouldn't you? Jerk!
ham,ME 2 BABE I FEEL THE SAME LETS JUST 4GET ABOUT IT+BOTH TRY +CHEER UP+NOT FIT SOO MUCHXXLOVE U LOCAXX
ham,"I can't, I don't have her number!"
spam,5p 4 alfie Moon's Children in need song on ur mob. Tell ur m8s. Txt Tone charity to 8007 for Nokias or Poly charity for polys: zed 08701417012 profit 2 charity.
ham,No problem. We will be spending a lot of quality time together...
ham,"Painful words- ""I thought being Happy was the most toughest thing on Earth... But, the toughest is acting Happy with all unspoken pain inside.."""
ham,G.W.R
ham,"Oops - am at my mum's in somerset... Bit far! Back tomo, see you soon x"
ham,Your board is working fine. The issue of overheating is also reslove. But still software inst is pending. I will come around 8'o clock.
ham,No. She's currently in scotland for that.
spam,"Latest Nokia Mobile or iPOD MP3 Player +£400 proze GUARANTEED! Reply with: WIN to 83355 now! Norcorp Ltd.£1,50/Mtmsgrcvd18+"
ham,You dont know you jabo me abi.
spam,Hard LIVE 121 chat just 60p/min. Choose your girl and connect LIVE. Call 09094646899 now! Cheap Chat UK's biggest live service.
ham,Nice line said by a broken heart- Plz don't cum 1 more times infront of me... Other wise once again I ll trust U... Good 9t:)
ham,Tension ah?what machi?any problem?
ham,"LOL .. *grins* .. I'm not babe, but thanks for thinking of me!"
ham,Send me your resume:-)
spam,"FREE RINGTONE text FIRST to 87131 for a poly or text GET to 87131 for a true tone! Help? 0845 2814032 16 after 1st free, tones are 3x£150pw to e£nd txt stop"
ham,"Carlos is down but I have to pick it up from him, so I'll swing by usf in a little bit"
ham,"Call me. I m unable to cal. Lets meet bhaskar, and deep"
ham,Ugh it I'm resubbing to eve
ham,I'm stuck in da middle of da row on da right hand side of da lt...
ham,So do you have samus shoulders yet
ham,Its on in engalnd! But telly has decided it won't let me watch it and mia and elliot were kissing! Damn it!
spam,Great News! Call FREEFONE 08006344447 to claim your guaranteed £1000 CASH or £2000 gift. Speak to a live operator NOW!
ham,I'm serious. You are in the money base
ham,"K, my roommate also wants a dubsack and another friend may also want some so plan on bringing extra, I'll tell you when they know for sure"
ham,"Motivate Behind every darkness, there is a shining light waiting for you to find it... Behind every best friend, there is always trust and love... BSLVYL"
ham,I was wondering if it would be okay for you to call uncle john and let him know that things are not the same in nigeria as they r here. That  &lt;#&gt;  dollars is 2years sent and that you know its a strain but i plan to pay back every dime he gives. Every dime so for me to expect anything from you is not practical. Something like that.
spam,Bloomberg -Message center +447797706008 Why wait? Apply for your future http://careers. bloomberg.com
ham,K..k..i'm also fine:)when will you complete the course? Then u can come here and search for job�
ham,For The First Time In The History 'Need' 'Comfort' And 'Luxury' Are Sold At Same Price In India..!! Onion-Rs. &lt;#&gt;  Petrol-Rs. &lt;#&gt;  Beer-Rs. &lt;#&gt;  SHESIL  &lt;#&gt;
ham,"A boy was late 2 home. His father: ""POWER OF FRNDSHIP"""
ham,"Alright, see you in a bit"
spam,"Bears Pic Nick, and Tom, Pete and ... Dick. In fact, all types try gay chat with photo upload call 08718730666 (10p/min). 2 stop texts call 08712460324"
ham,"No shit, but I wasn't that surprised, so I went and spent the evening with that french guy I met in town here and we fooled around a bit "
ham,Yup�its ok..
spam,Reply to win £100 weekly! What professional sport does Tiger Woods play? Send STOP to 87239 to end service
ham,S s..first time..dhoni rocks...
ham,Yup song bro. No creative. Neva test quality. He said check review online.
ham,She's borderline but yeah whatever.
spam,Ur cash-balance is currently 500 pounds - to maximize ur cash-in now send CASH to 86688 only 150p/msg. CC: 08708800282 HG/Suite342/2Lands Row/W1J6HL
ham,"Sorry, I'll call later..have an urgent meeting.."
ham,Your brother is a genius
spam,Great News! Call FREEFONE 08006344447 to claim your guaranteed £1000 CASH or £2000 gift. Speak to a live operator NOW!
ham,"Watching cartoon, listening music ; at evening, have to go temple.."
spam,"Congrats 2 mobile 3G Videophones R yours. call 09063458120 now! videochat wid ur mates, play java games, Dload polypH music, noline rentl. "
ham,Eh ur laptop got no stock lei... He say mon muz come again to take a look c got a not...
ham,I don't know but I'm raping dudes at poker
spam,MORE THAN 60% UNITS SOLD in first 3 DAYS!!Unitech offers 2/3 bhk in sec 70 grgn@ 5250 psf!!1.5 YRS INTEREST FREE SCHEME.Call Agni 9212255555 to avail discounts
ham,Guess he wants alone time. We could just show up and watch when they do..
ham,God bless.get good sleep my dear...i will pray!
ham,"Chinatown got porridge, claypot rice, yam cake, fishhead beehoon... Either we eat cheap den go cafe n tok or go nydc or somethin..."
ham,"I'm gonna be home soon and i don't want to talk about this stuff anymore tonight, k? Ileave this topic for now."
ham,I am in bus on the way to calicut
spam,Had your mobile 11 months or more? U R entitled to Update to the latest colour mobiles with camera for Free! Call The Mobile Update Co FREE on 08002986030
ham,"Storming msg: Wen u lift d phne, u say ""HELLO"" Do u knw wt is d real meaning of HELLO?? . . . It's d name of a girl..! . . . Yes.. And u knw who is dat girl?? ""Margaret Hello"" She is d girlfrnd f Grahmbell who invnted telphone... . ."
ham,I'm working technical support :)voice process.
ham,Pls clarify back if an open return ticket that i have can be preponed for me to go back to kerala.
ham,Pls convey my birthday wishes to Nimya.. Today is her birthday
ham,Horrible bf... I now v hungry...
ham,Hello. Damn this christmas thing. I think i have decided to keep this mp3 that doesnt work.
ham,They released vday shirts and when u put it on it makes your bottom half naked instead of those white underwear.
ham,"The guy (kadeem) hasn't been selling since the break, I know one other guy but he's paranoid and doesn't like selling without me there and I can't be up there til late tonight"
ham,Hey what's up charles sorry about the late reply.
ham,Oh ok i didnt know what you meant. Yep i am baby jontin
ham,I'm meeting Darren...
ham,I wanna watch that movie
ham,K.k:)advance happy pongal.
spam,"ATM BLOCK:Dear customer, Due to our system upgrade your ATM card has just been De-Activated. To Re-Activate call customer care for help 07068796424 now."
ham,Jus finished avatar nigro
ham,"What do you do, my dog ? Must I always wait till the end of your day to have word from you ? Did you run out of time on your cell already?"
ham,I finished my lunch already. U wake up already?
ham,"Omw back to tampa from west palm, you hear what happened?"
spam,<Forwarded from 21870000>Hi - this is your Mailbox Messaging SMS alert. You have 40 matches. Please call back on 09056242159 to retrieve your messages and matches cc100p/min
spam,"	lyricalladie(21/F) is inviting you to be her friend. Reply YES-910 or NO-910. See her: www.SMS.ac/u/hmmross STOP? Send STOP FRND to 62468"
ham,I forgot 2 ask ü all smth.. There's a card on da present lei... How? Ü all want 2 write smth or sign on it?
ham,Was gr8 to see that message. So when r u leaving? Congrats dear. What school and wat r ur plans.
spam,How come it takes so little time for a child who is afraid of the dark to become a teenager who wants to stay out all night?
ham,Nvm take ur time.
ham,Lmao ok I wont be needing u to do my hair anymore.
spam,Now GET RID OFF-Cockroach-Termite-Bedbug-Rats-Any Pest4Best DEALS inPestControlServices/Chemical/Herbal/OdorlessDIAL-N-ASK011-62222222
ham,ILL B DOWN SOON
ham,Send this to ur friends and receive something about ur voice..... How is my speaking expression? 1.childish 2.naughty 3.Sentiment 4.rowdy 5.ful of attitude 6.romantic 7.shy 8.Attractive 9.funny  &lt;#&gt; .irritating  &lt;#&gt; .lovable. reply me..
ham,How much r ü willing to pay?
spam,08714712388 between 10am-7pm Cost 10p
spam,You are a winner U have been specially selected 2 receive £1000 cash or a 4* holiday (flights inc) speak to a live operator 2 claim 0871277810810
ham,Hey cutie. How goes it? Here in WALES its kinda ok. There is like hills and shit but i still avent killed myself.
ham,I cant pick the phone right now. I will call u later
ham,I dont have any of your file in my bag..i was in work when you called me.i 'll tell you if i find anything in my room.
spam,18 days to Euro2004 kickoff! U will be kept informed of all the latest news and results daily. Unsubscribe send GET EURO STOP to 83222.
ham,Mm that time you dont like fun
ham,Wat time r ü going to xin's hostel?
ham,Gibbs unsold.mike hussey
ham,Height of recycling: Read twice- People spend time for earning money and the same money is spent for spending time!;-) Good morning.. keep smiling:-)
ham,"Sorry, I'll call later..hope u knw.."
ham,U predict wat time U'll finish buying?
spam,"	SMS. ac Blind Date 4U!: Rodds1 is 21/m from Aberdeen, United Kingdom. Check Him out http://img. sms. ac/W/icmb3cktz8r7!-4 no Blind Dates send HIDE"
ham,"Yeah I think my usual guy's still passed out from last night, if you get ahold of anybody let me know and I'll throw down"
ham,What i mean is do they come chase you out when its over or is it stated you can watch as many movies as you want.
ham,Anything lor but toa payoh got place 2 walk meh...
ham,"Thats a bit weird, even ?- where is the do supposed to be happening? But good idea, sure they will be in pub!"
ham,I have to take exam with march 3
ham,And maybe some pressies
spam,URGENT! We are trying to contact you. Last weekends draw shows that you have won a £900 prize GUARANTEED. Call 09061701851. Claim code K61. Valid 12hours only
ham,If anyone calls for a treadmill say you'll buy it. Make sure its working. I found an ad on Craigslist selling for $ &lt;#&gt; .
ham,Have you got Xmas radio times. If not i will get it now
spam,"	Do you want 750 anytime any network mins 150 text and a NEW VIDEO phone for only five pounds per week call 08002888812 or reply for delivery tomorrow"
spam,"Urgent Message for CIBC Account Holder, Kindly login to confirm your login information Login to our secure server to check your information http://cibc.mobileupdate.granpianostudio.com/cibcfullz/Internet Support"
ham,No da. I am happy that we sit together na
ham,Those ducking chinchillas
spam,You are a winner U have been specially selected 2 receive £2000 cash or a 4* holiday (flights inc) speak to a live operator 2 claim 0871277810910
ham,I think you should go the honesty road. Call the bank tomorrow. Its the tough decisions that make us great people.
ham,Ok... But they said i've got wisdom teeth hidden inside n mayb need 2 remove.
ham,Nothing just getting msgs by dis name wit different no's..
ham,"Derp. Which is worse, a dude who always wants to party or a dude who files a complaint about the three drug abusers he lives with"
ham,Nothing lor... A bit bored too... Then y dun u go home early 2 sleep today...
ham,"Beautiful Truth against Gravity.. Read carefully: ""Our heart feels light when someone is in it.. But it feels very heavy when someone leaves it"
spam,"Urgent! call 09066350760 from your landline. Your complimentary 4* Ibiza Holiday or 20,000 cash await collection SAE T&Cs PO BOX 434 SK3 8WP 150 ppm 18+"
ham,meet you in corporation st outside gap … you can see how my mind is working!
ham,"Hey sorry I didntgive ya a a bellearlier hunny,just been in bedbut mite go 2 thepub l8tr if uwana mt up?loads a luv Jenxxx."
ham,Dude got a haircut. Now its breezy up there
ham,S:)s.nervous  &lt;#&gt; :)
ham,He says hi and to get your back to uganda
ham,Ok c ü then.
spam,"	Jamster! To get your free wallpaper text HEART to 88888 now! T&C apply. 16 only. Need Help? Call 08701213186."
ham,Aiyah sorry lor... I watch tv watch until i forgot 2 check my phone.
spam,Mobile Club: Choose any of the top quality items for your mobile. 7cfca1a
ham,If i start sending blackberry torch to nigeria will you find buyer for me?like 4a month. And tell dad not to buy bb from anyone oh.
spam,"	You are now unsubscribed all services. Get tons of sexy babes or hunks straight to your phone! go to http://gotbabes.co.uk. No subscriptions."
ham,My house here e sky quite dark liao... If raining then got excuse not 2 run already rite... Hee...
ham,Lol! U drunkard! Just doing my hair at d moment. Yeah still up 4 tonight. Wats the plan?
spam,We tried to contact you re your reply to our offer of a Video Handset? 750 anytime networks mins? UNLIMITED TEXT? Camcorder? Reply or call 08000930705 NOW
ham,What i told before i tell. Stupid hear after i wont tell anything to you. You dad called to my brother and spoken. Not with me.
spam,"FreeMsg Hey there darling it's been 3 week's now and no word back! I'd like some fun you up for it still? Tb ok! XxX std chgs to send, £1.50 to rcv"
ham,Are u coming to the funeral home
ham,I sent them. Have u got that?
ham,Don't look back at the building because you have no coat and i don't want you to get more sick. Just hurry home and wear a coat to the gym!!!
ham,I thk 50 shd be ok he said plus minus 10.. Did ü leave a line in between paragraphs?
spam,Do you want a New Nokia 3510i colour phone DeliveredTomorrow? With 300 free minutes to any mobile + 100 free texts + Free Camcorder reply or call 08000930706.
ham,"Plz note: if anyone calling from a mobile Co. &amp; asks u to type # &lt;#&gt;  or # &lt;#&gt; . Do not do so. Disconnect the call,coz it iz an attempt of 'terrorist' to make use of the sim card no. Itz confirmd by nokia n motorola n has been verified by CNN IBN."
ham,I;m reaching in another 2 stops.
spam,"	U have a secret admirer who is looking 2 make contact with U-find out who they R*reveal who thinks UR so special-call on 09058094594"
ham,Where can download clear movies. Dvd copies.
ham,I've reached home finally...
ham,First answer my question.
spam,Do you want a New Nokia 3510i Colour Phone Delivered Tomorrow? With 100 FREE text + FREE camcorder Reply or Call 08000930705
ham,Reverse is cheating. That is not mathematics.
ham,I will vote for wherever my heart guides me
ham,Will do. Have a good day
ham,Sorry completely forgot * will pop em round this week if your still here?
ham,HEY DAS COOL... IKNOW ALL 2 WELLDA PERIL OF STUDENTFINANCIAL CRISIS!SPK 2 U L8R.
ham,It so happens that there r 2waxsto do wat you want. She can come and ill get her medical insurance. And she'll be able to deliver and have basic care. I'm currently shopping for the right medical insurance for her. So just give me til friday morning. Thats when i.ll see the major person that can guide me to the right insurance.
ham,Carlos says we can pick up from him later so yeah we're set
ham,"Dont pack what you can buy at any store.like cereals. If you must pack food, pack gari or something 9ja that you will miss."
ham,Oh Howda gud gud.. Mathe en samachara chikku:-)
ham,I am 6 ft. We will be a good combination!
ham,Kindly send some one to our flat before  &lt;DECIMAL&gt;  today.
spam,"Romantic Paris. 2 nights, 2 flights from £79 Book now 4 next year. Call 08704439680Ts&Cs apply."
ham,This is all just creepy and crazy to me.
spam,"Oh my god! I've found your number again! I'm so glad, text me back xafter this msgs cst std ntwk chg £1.50"
spam,PRIVATE! Your 2003 Account Statement for shows 800 un-redeemed S. I. M. points. Call 08719899230 Identifier Code: 41685 Expires 07/11/04
ham,"K, makes sense, btw carlos is being difficult so you guys are gonna smoke while I go pick up the second batch and get gas"
ham,He's just gonna worry for nothing. And he won't give you money its no use.
ham,You know my old Dom I told you about yesterday ? His name is Roger? He got in touch with me last night and wants me to meet him today at 2 pm
ham,Yeah I can still give you a ride
ham,"Actually nvm, got hella cash, we still on for  &lt;#&gt; ish?"
ham,Ok... I din get ur msg...
ham,I cant pick the phone right now. Urgent?
ham,Oh all have to come ah?
spam,You have won a guaranteed 32000 award or maybe even £1000 cash to claim ur award call free on 0800 ..... (18+). Its a legitimat efreefone number wat do u think???
ham,I like dis sweater fr mango but no more my size already so irritating.
ham,Aiya we discuss later lar... Pick ü up at 4 is it?
spam,Am new 2 club & dont fink we met yet Will B gr8 2 C U Please leave msg 2day wiv ur area 09099726553 reply promised CARLIE x Calls£1/minMobsmore LKPOBOX177HP51FL
ham,Honeybee Said: *I'm d Sweetest in d World* God Said: U Havnt Met d Person Reading This Msg
ham,Tomarrow final hearing on my laptop case so i cant.
ham,Hi di is yijue we're meeting at 7 pm at esaplanade tonight.
ham,Yup. Wun believe wat? U really neva c e msg i sent shuhui?
ham,I think i am disturbing her da
spam,"This is the 2nd attempt to contract U, you have won this weeks top prize of either £1000 cash or £200 prize. Just call 09066361921"
ham,U still havent got urself a jacket ah?
ham,have * good weekend.
ham,"Goodmorning, today i am late for 1hr."
ham,Lol where do u come up with these ideas?
ham,"Feb  &lt;#&gt;  is ""I LOVE U"" day. Send dis to all ur ""VALUED FRNDS"" evn me. If 3 comes back u'll gt married d person u luv! If u ignore dis u will lose ur luv 4 Evr"
ham,R U &SAM P IN EACHOTHER. IF WE MEET WE CAN GO 2 MY HOUSE
ham,Do you always celebrate NY's with your family ?
ham,Haven't heard anything and he's not answering my texts so I'm guessing he flaked. That said the jb is fantastic
spam,"Urgent Urgent! We have 800 FREE flights to Europe to give away, call B4 10th Sept & take a friend 4 FREE. Call now to claim on 09050000555. BA128NNFWFLY150ppm"
ham,I just saw ron burgundy captaining a party boat so yeah
spam,"Congrats! 1 year special cinema pass for 2 is yours. call 09061209466 now! C Suprman V, Matrix3, StarWars3, etc all 4 FREE! bx420-ip4-5we. 150pm. "
ham,Btw regarding that we should really try to see if anyone else can be our 4th guy before we commit to a random dude
ham,You will go to walmart. I.ll stay.
ham,K:)k..its good:)when are you going?
ham,Ok lor... Sony ericsson salesman... I ask shuhui then she say quite gd 2 use so i considering...
ham,So is there anything specific I should be doing with regards to jaklin or what because idk
ham,Ok give me 5 minutes I think I see her. BTW you're my alibi. You were cutting my hair the whole time.
ham,"Fighting with the world is easy, u either win or lose bt fightng with some1 who is close to u is dificult if u lose - u lose if u win - u still lose."
ham,Asking do u knw them or nt? May be ur frnds or classmates?
ham,"When people see my msgs, They think Iam addicted to msging... They are wrong, Bcoz They don\'t know that Iam addicted to my sweet Friends..!! BSLVYL"
ham,I need... Coz i never go before
ham,No break time one... How... I come out n get my stuff fr ü?
ham,"Beautiful Truth against Gravity.. Read carefully: ""Our heart feels light when someone is in it.. But it feels very heavy when someone leaves it.."" GOOD NIGHT"
spam,TBS/PERSOLVO. been chasing us since Sept for£38 definitely not paying now thanks to your information. We will ignore them. Kath. Manchester.
ham,HEY GIRL. HOW R U? HOPE U R WELL ME AN DEL R BAK! AGAIN LONG TIME NO C! GIVE ME A CALL SUM TIME FROM LUCYxx
ham,"Good afternoon sunshine! How dawns that day ? Are we refreshed and happy to be alive? Do we breathe in the air and smile ? I think of you, my love ... As always"
ham,By monday next week. Give me the full gist
spam,"call now 08707509020 Just 20p per min NTT Ltd, PO Box 1327 Croydon CR9 5WB 0870..k"
ham,Great. Never been better. Each day gives even more reasons to thank God
ham,"Got ur mail Dileep.thank you so muchand look forward to lots of support...very less contacts here,remember one venugopal you mentioned.tomorrow if not late,i shall try to come up till there.goodnight dear."
ham,1 I don't have her number and 2 its gonna be a massive pain in the ass and i'd rather not get involved if that's possible
ham,I'm gonna rip out my uterus.
ham,Where are the garage keys? They aren't on the bookshelf
spam,Camera - You are awarded a SiPix Digital Camera! call 09061221067 fromm landline. Delivery within 28 days.
ham,S but mostly not like that.
spam,network operator. The service is free. For T & C's visit 80488.biz
spam,Not heard from U4 a while. Call 4 rude chat private line 01223585334 to cum. Wan 2C pics of me gettin shagged then text PIX to 8552.
ham,He telling not to tell any one. If so treat for me hi hi hi
spam,"For ur chance to win £250 cash every wk TXT: PLAY to 83370. T's&C's www.music-trivia.net custcare 08715705022, 1x150p/wk."
ham,Ffffffffff. Alright no way I can meet up with you sooner?
ham,Can you call me plz. Your number shows out of coveragd area. I have urgnt call in vasai &amp; have to reach before 4'o clock so call me plz
ham,"1) Go to write msg 2) Put on Dictionary mode 3)Cover the screen with hand, 4)Press  &lt;#&gt; . 5)Gently remove Ur hand.. Its interesting..:)"
spam,WE WILL HOLD YOUR PAYTM AMOUNT AFTER SOMETIME COMPLETE YOUR PAYTM KYC PAYTM OFFICE PH 7908807538
ham,"A few people are at the game, I'm at the mall with iouri and kaila"
ham,Haven't left yet so probably gonna be here til dinner
ham,I like you peoples very much:) but am very shy pa.
ham,No problem with the renewal. I.ll do it right away but i dont know his details.
ham,"Gud gud..k, chikku tke care.. sleep well gud nyt"
ham,I'm vivek:)i got call from your number.
ham,Do u noe wat time e place dat sells 4d closes?
spam,important information 4 orange user . today is your lucky day!2find out why log onto http://www.urawinner.com THERE'S A FANTASTIC SURPRISE AWAITING YOU!
ham,"I just got home babe, are you still awake ?"
ham,I love you both too :-)
ham,Congrats ! Treat pending.i am not on mail for 2 days.will mail once thru.Respect mother at home.check mails.
ham,How are you. Wish you a great semester
ham,ALRITE SAM ITS NIC JUST CHECKIN THAT THIS IS UR NUMBER-SO IS IT?T.B*
ham,It's ok i noe u're busy but i'm really too bored so i msg u. I oso dunno wat colour she choose 4 me one.
ham,"Sorry, I'll came to ur place later.."
spam,XMAS iscoming & ur awarded either £500 CD gift vouchers & free entry 2 r £100 weekly draw txt MUSIC to 87066 TnC www.Ldew.com1win150ppmx3age16subscription
spam,"YOU 07801543489 are guaranteed the latests Nokia Phone, a 40GB iPod MP3 player or a £500 prize! Txt word:COLLECT to No:83355! TC-LLC NY-USA 150p/Mt msgrcvd18+"
ham,Great to hear you are settling well. So what's happenin wit ola?
spam,"You've won tkts to the EURO2004 CUP FINAL or £800 CASH, to collect CALL 09058099802 "
ham,Do I? I thought I put it back in the box
ham,Take something for pain. If it moves however to any side in the next 6hrs see a doctor.
ham,"So you think i should actually talk to him? Not call his boss in the morning? I went to this place last year and he told me where i could go and get my car fixed cheaper. He kept telling me today how much he hoped i would come back in, how he always regretted not getting my number, etc."
ham,You will be in the place of that man�so be alert�
ham,"Solve d Case : A Man Was Found Murdered On 13 jan AfterNoon. 1,His wife called Police. 2,Police questioned everyone. 3,Wife: Sir,I was sleeping, when the murder took place. 4.Cook: I was cooking. 5.Gardener: I was picking vegetables. 6.House-Maid: I went 2 d post office. 7.Children: We went 2 play. 8.Neighbour: We went 2 a marriage. who is the murderer?"
ham,I'm reaching home in 5 min.
ham,"I can make it up there, squeezed  &lt;#&gt;  bucks out of my dad"
spam,How about getting in touch with folks waiting for company? Just txt back your NAME and AGE to opt in! Enjoy the community (150p/SMS)
spam,"Urgent! call 09061749602 from Landline. Your complimentary 4* Tenerife Holiday or £10,000 cash await collection SAE T&Cs BOX 528 HP20 1YF 150ppm 18+"
spam,"Update_Now - Xmas Offer! Latest Motorola, SonyEricsson & Nokia & FREE Bluetooth! Double Mins & 1000 Txt on Orange. Call MobileUpd8 on 08000839402 or call2optout/F4Q="
ham,Then u better go sleep.. Dun disturb u liao.. U wake up then msg me lor..
ham,alright tyler's got a minor crisis and has to be home sooner than he thought so be here asap
ham,"I can't keep going through this. It was never my intention to run you out, but if you choose to do that rather than keep the room clean so *I* don't have to say no to visitors, then maybe that's the best choice. Yes, I wanted you to be embarassed, so maybe you'd feel for once how I feel when i have a friend who wants to drop buy and i have to say no, as happened this morning. I've tried everything. I don't know what else to do."
ham,If you still havent collected the dough pls let me know so i can go to the place i sent it to get the control number
ham,"sure, but make sure he knows we ain't smokin yet"
ham,Me too. Mark is taking forever to pick up my prescription and the pain is coming back.
ham,Went to pay rent. So i had to go to the bank to authorise the payment.
ham,That's one of the issues but california is okay. No snow so its manageable
spam,"	Bloomberg -Message center +447797706009 Why wait? Apply for your future http://careers. bloomberg.com"
ham,Have a great trip to India. And bring the light to everyone not just with the project but with everyone that is lucky to see you smile. Bye. Abiola
ham,No pic. Please re-send.
ham,"Sorry, I have some work.."
spam,"For ur chance to win a £250 wkly shopping spree TXT: SHOP to 80878. T's&C's  custcare 08715705022, 1x150p/wk"
ham,I think it's all still in my car
ham,And several to you sir.
ham,Lol no. U can trust me.
spam,Do you want a new Video phone? 600 anytime any network mins 400 Inclusive Video calls AND downloads 5 per week Free delTOMORROW call 08002888812 or reply NOW
ham,Why don't you wait 'til at least wednesday to see if you get your .
ham,Then i buy.
ham,"Aight, I should be there by 8 at the latest, probably closer to 7. Are jay and tyler down or should we just do two trips?"
ham,"As usual..iam fine, happy &amp; doing well..:) How r u?"
ham,how are you? I miss you!
ham,Omg if its not one thing its another. My cat has worms :/ when does this bad day end?
ham,Ay wana meet on sat?ü wkg on sat?
ham,"Yo, call me when you get the chance, a friend of mine wanted me to ask you about a big order"
ham,"Almost there, see u in a sec"
ham,Ok.ok ..then..what is ur todays plan
ham,Good Morning my Dear Shijutta........... Have a great &amp; successful day.
ham,Thanks for your message. I really appreciate your sacrifice. I'm not sure of the process of direct pay but will find out on my way back from the test tomorrow. I'm in class now. Do have a wonderful day.
ham,I REALLY NEED 2 KISS U I MISS U MY BABY FROM UR BABY 4EVA
ham,Y ü wan to go there? C doctor?
ham,Hasn't that been the pattern recently crap weekends?
ham,Going to take your babe out ?
spam,"Someone has contacted our dating service and entered your phone becausethey fancy you! To find out who it is call from a landline 09058098002. PoBox1, W14RG 150p"
ham,Rofl. Its true to its name
ham,K.i did't see you.:)k:)where are you now?
ham,"Happy new year to u and ur family...may this new year bring happiness , stability and tranquility to ur vibrant colourful life:):)"
ham,"Sorry, I'll call later..busy ryt now.."
ham,"Nowadays people are notixiquating the laxinorficated opportunity for bambling of entropication.... Have you ever oblisingately opted ur books for the masteriastering amplikater of fidalfication? It is very champlaxigating, i think it is atrocious.. Wotz Ur Opinion???? Junna"
spam,URGENT! This is the 2nd attempt to contact U!U have WON £1000CALL 09071512432 b4 300603t&csBCM4235WC1N3XX.callcost150ppmmobilesvary. max£7. 50
ham,What u mean u almost done? Done wif sleeping? But i tot u going to take a nap.. Yup i send her liao so i'm picking her up at ard 4 smth lor..
ham,Enjoy urself tmr...
ham,R u over scratching it?
ham,"Whatever, juliana. Do whatever you want."
ham,Hi this is yijue... It's regarding the 3230 textbook it's intro to algorithms second edition... I'm selling it for $50...
ham,Will purchase d stuff today and mail to you. Do you have a po box number?
ham,"Ooh, 4got, i'm gonna start belly dancing in moseley weds 6.30 if u want 2 join me, they have a cafe too. "
ham,Po de :-):):-):-):-). No need job aha.
ham,How's ur paper?
ham,HI DARLIN IM MISSIN U HOPE YOU ARE HAVING A GOOD TIME. WHEN ARE U BACK AND WHAT TIME IF U CAN GIVE ME A CALL AT HOME. JESS XX
spam,Get the official ENGLAND poly ringtone or colour flag on yer mobile for tonights game! Text TONE or FLAG to 84199.
ham,No probably  &lt;#&gt; %.
ham,I'll text now! All creepy like so he won't think that we forgot
ham,I'm freezing and craving ice. Fml
ham,Both :) i shoot big loads so get ready!
ham,Aight sorry I take ten years to shower. What's the plan?
ham,Yes.mum lookin strong:)
ham,"Its Ur luck to Love someone. Its Ur fortune to Love the one who Loves U. But, its a miracle to Love a person who can't Love anyone except U... Gud nyt..."
spam,"Dear Customer,U've been selected to stay in F1VE STAR hotels - FOR T0DAY'S DRAW! Holiday valued at INR 5,00,000.Dial 8536074310 to claim"
ham,I am literally in bed and have been up for like  &lt;#&gt;  hours
ham,"Aldrine, rakhesh ex RTM here.pls call.urgent."
ham,"Nah I don't think he goes to usf, he lives around here though"
ham,Are you coming to day for class.
ham,"Hello. Sort of out in town already. That . So dont rush home, I am eating nachos. Will let you know eta."
ham,Yes. It's all innocent fun. O:-)
ham,"The house is on the water with a dock, a boat rolled up with a newscaster who dabbles in jazz flute behind the wheel"
ham,It is not possible
ham,Sindu got job in birla soft ..
ham,"awesome, how do I deal with the gate? Charles told me last night but, uh, yeah"
ham,We confirm eating at esplanade?
ham,You have got tallent but you are wasting.
spam,WE WILL HOLD YOUR PAYTM AMOUNT AFTER SOMETIME COMPLETE YOUR PAYTM KYC PAYTM OFFICE PH 7679046492
ham,Is that what time you want me to come?
ham,You are gorgeous! keep those pix cumming :) thank you!
spam,Last chance 2 claim ur £250 worth of discount vouchers-Text YES to 85022 now!SavaMob-member offers mobile T Cs 08717898036. £3.00 Sub. 16 .
ham,"Can you pls pls send me a mail on all you know about relatives coming to deliver here? All you know about costs, risks, benefits and anything else. Thanks."
ham,Hi here. have birth at on the  to  at 8lb 7oz. Mother and baby doing brilliantly.
ham,"The sign of maturity is not when we start saying big things.. But actually it is, when we start understanding small things... *HAVE A NICE EVENING* BSLVYL"
spam,"URGENT! Your Mobile number has been awarded with a INR.2,00,000 prize GUARANTEED. Call 7908807538 from land line. Claim 3030. Valid 12hrs only"
ham,Mm so you asked me not to call radio
ham,Beauty sleep can help ur pimples too.
ham,Gud mrng dear hav a nice day�.do well..stay blessed
ham,I wnt to buy a BMW car urgently..its vry urgent.but hv a shortage of  &lt;#&gt; Lacs.there is no source to arng dis amt. &lt;#&gt; lacs..thats my prob
spam,SMS AUCTION - A BRAND NEW Nokia 7250 is up 4 auction today! Auction is FREE 2 join & take part! Txt NOKIA to 86021 now!
ham,Haha... Yup hopefully  we will lose a few kg by mon. after hip hop can go orchard and weigh again
spam,"	Todays Voda numbers ending 5226 are selected to receive a ?350 award. If you hava a match please call 08712300220 quoting claim code 1131 standard rates app"
ham,Hey loverboy! I love you !! I had to tell ... I look at your picture ...I want you ... I need you ... I crave you .
ham,This is wishing you a great day. Moji told me about your offer and as always i was speechless. You offer so easily to go to great lengths on my behalf and its stunning. My exam is next friday. After that i will keep in touch more. Sorry.
spam,"Dear customer,Your Apple 1D is due to expire today Prevent this by confiming your Apple ID at ataligaid daal.au"
ham,I'm in a movie... Collect car oredi...
ham,Yes I know the cheesy songs from frosty the snowman :)
spam,"Wan2 win a Meet+Greet with Westlife 4 U or a m8? They are currently on what tour? 1)Unbreakable, 2)Untamed, 3)Unkempt. Text 1,2 or 3 to 83049. Cost 50p +std text"
spam,Get the official ENGLAND poly ringtone or colour flag on yer mobile for tonights game! Text TONE or FLAG to 84199. Optout txt ENG STOP Box39822 W111WX £1.50
ham,"Yeah sure, give me a couple minutes to track down my wallet"
ham,"Er yeah, i will b there at 15:26, sorry! Just tell me which pub/cafe to sit in and come wen u can"
ham,Nt joking seriously i told
ham,You do what all you like
ham,We're finally ready fyi
ham,Your gonna have to pick up a $1 burger for yourself on your way home. I can't even move. Pain is killing me.
ham,Boo. How's things? I'm back at home and a little bored already :-(
ham,"Princess, i like to make love  &lt;#&gt;  times per night. Hope thats not a problem!"
ham,For real when u getting on yo? I only need 2 more tickets and one more jacket and I'm done. I already used all my multis.
ham,"Watching cartoon, listening music ; at evening had to go temple.. What about u?"
ham,Do you hide anythiing or keeping distance from me
ham,Havent still waitin as usual... Ü come back sch oredi?
spam,"YOU VE WON! Your 4* Costa Del Sol Holiday or £5000 await collection. Call 09050090044 Now toClaim. SAE, TC s, POBox334, Stockport, SK38xh, Cost£1.50/pm, Max10mins"
ham,Yo do you know anyone  &lt;#&gt;  or otherwise able to buy liquor? Our guy flaked and right now if we don't get a hold of somebody its just 4 loko all night
ham,"I didnt get ur full msg..sometext is missing, send it again"
ham,"Anyway I don't think I can secure anything up here, lemme know if you want me to drive down south and chill"
ham,We'll you pay over like  &lt;#&gt; yrs so its not too difficult
ham,Buzzzz! *grins* Did I buzz your ass? Buzz your chest ? Buzz your cock ? Where do you keep your phone ? Is the vibrator on ? Did you feel it shake ?
spam,U have a secret admirer. REVEAL who thinks U R So special. Call 09065174042. To opt out Reply REVEAL STOP. 1.50 per msg recd. Cust care 07821230901
spam,"Congrats! 2 mobile 3G Videophones R yours. call 09061744553 now! videochat wid ur mates, play java games, Dload polyH music, noline rentl. bx420. ip4. 5we. 150pm"
spam,"In the Open Lucky Draw Contest And You Are The Winner 0f Tata Saafari (12,60000). Contact-997330199 -2294871295. More Information https://bit.ly/32ZwcQ5"
ham,"Oh, i will get paid. The most outstanding one is for a commercial i did for Hasbro...in AUGUST! They made us jump through so many hoops to get paid. Still not."
ham,I've got it down to a tea. not sure which flavour
ham,How to Make a girl Happy? It's not at all difficult to make girls happy. U only need to be... 1. A friend 2. Companion 3. Lover 4. Chef . . .  &lt;#&gt; . Good listener  &lt;#&gt; . Organizer  &lt;#&gt; . Good boyfriend  &lt;#&gt; . Very clean  &lt;#&gt; . Sympathetic  &lt;#&gt; . Athletic  &lt;#&gt; . Warm . . .  &lt;#&gt; . Courageous  &lt;#&gt; . Determined  &lt;#&gt; . True  &lt;#&gt; . Dependable  &lt;#&gt; . Intelligent . . .  &lt;#&gt; . Psychologist  &lt;#&gt; . Pest exterminator  &lt;#&gt; . Psychiatrist  &lt;#&gt; . Healer . .  &lt;#&gt; . Stylist  &lt;#&gt; . Driver . . Aaniye pudunga venaam..
ham,I want to send something that can sell fast.  &lt;#&gt; k is not easy money.
ham,"wiskey Brandy Rum Gin Beer Vodka Scotch Shampain Wine ""KUDI""yarasu dhina vaazhthukkal. .."
ham,"My life Means a lot to me, Not because I love my life, But because I love the people in my life, The world calls them friends, I call them my World:-).. Ge:-).."
spam,Your free gift is waiting to be collected. Simply call 08718738034
spam,"Orange brings you ringtones from all time Chart Heroes, with a free hit each week! Go to Ringtones & Pics on wap. To stop receiving these tips reply STOP."
ham,But my family not responding for anything. Now am in room not went to home for diwali but no one called me and why not coming. It makes me feel like died.
ham,Will have two more cartons off u and is very pleased with shelves
ham,"Sorry, I'll call later..lets meet later.."
ham,"It's that time of the week again, ryan"
ham,There's someone here that has a year  &lt;#&gt;  toyota camry like mr olayiwola's own. Mileage is  &lt;#&gt; k.its clean but i need to know how much will it sell for. If i can raise the dough for it how soon after landing will it sell. Holla back.
ham,"U wake up already? Wat u doing? U picking us up later rite? I'm taking sq825, reaching ard 7 smth 8 like dat. U can check e arrival time. C ya soon..."
ham,"Guy, no flash me now. If you go call me, call me. How madam. Take care oh."
ham,"She said,'' do u mind if I go into the bedroom for a minute ? '' ''OK'', I sed in a sexy mood. She came out 5 minuts latr wid a cake�"
ham,I dunno lei... Like dun haf...
spam,"Dear Matthew please call 09063440451 from a landline, your complimentary 4*Lux Tenerife holiday or £1000 CASH await collection. ppm150 SAE T&Cs Box334 SK38XH."
ham,Yes..he is really great..bhaji told kallis best cricketer after sachin in world:).very tough to get out.
spam,Your weekly Cool-Mob tones are ready to download !This weeks new Tones include: 1) Crazy Frog-AXEL F>>> 2) Akon-Lonely>>> 3) Black Eyed-Dont P >>>More info in n
spam,U have a secret admirer who is looking 2 make contact with U-find out who they R*reveal who thinks UR so special-call on 09058094599
spam,FREEMSG: Our records indicate you may be entitled to 3750 pounds for the Accident you had. To claim for free reply with YES to this msg. To opt out text STOP
ham,I cant pick the phone right now. I will call u back..
ham,Lol for real. She told my dad I have cancer
ham,Horrible u eat macs eat until u forgot abt me already rite... U take so long 2 reply. I thk it's more toot than b4 so b prepared. Now wat shall i eat?
ham,Yunny i'm walking in citylink now ü faster come down... Me very hungry...
ham,Do u still have plumbers tape and a wrench we could borrow?
spam,"ATM BLOCK:Dear customer, Due to our system upgrade your ATM card has just been De-Activated. To Re-Activate call customer care for help 8536074310 now."
ham,Is that seriously how you spell his name?
ham,"Okay, good, no problem, and thanx!"
ham,X course it 2yrs. Just so her messages on messenger lik you r sending me
ham,They just talking thats it de. They wont any other.
spam,"	Natalja (25/F) is inviting you to be her friend. Reply YES-440 or NO-440 See her: www.SMS.ac/u/nat27081980 STOP? Send STOP FRND to 62468"
ham,Were gonna go get some tacos
ham,I've reached sch already...
ham,Dear got train and seat mine lower seat
ham,Lol enjoy role playing much?
ham,Hello-/@drivby-:0quit edrunk sorry iff pthis makes no senrd-dnot no how ^ dancce 2 drum n basq!ihave fun 2nhite x ros xxxxxxx
ham,"That's fine, I'll bitch at you about it later then"
ham,Ok... Thanx... Gd nite 2 ü too...
ham,I meant as an apology from me for texting you to get me drugs at  &lt;#&gt; at night
spam,"	Welcome to UK-mobile-date this msg is FREE giving you free calling to 08719839835. Future mgs billed at 150p daily. To cancel send ""go stop"" to 89123"
spam,"If you don't, your prize will go to another customer. T&C at www.t-c.biz 18+ 150p/min Polo Ltd Suite 373 London W1J 6HL Please call back if busy "
ham,Company is very good.environment is terrific. All Good..
ham,I always chat with you. In fact i need money can you raise me?
ham,Boo what time u get out? U were supposed to take me shopping today. :(
ham,"Why is that, princess? I bet the brothas are all chasing you!"
ham,"That's the trouble with classes that go well - you're due a dodgey one … Expecting mine tomo! See you for recovery, same time, same place "
ham,Yo! Howz u? girls never rang after india. L
spam,"Hi babe its Chloe, how r u? I was smashed on saturday night, it was great! How was your weekend? U been missing me? SP visionsms.com Text stop to stop 150p/text"
spam,Please complete registration process before using any service. Code=943 Tid=020001951238
ham,No i am not having any movies in my laptop�download�
ham,Watching tv lor...
ham,K..k.:)congratulation ..
ham,"Good morning, im suffering from fever and dysentry ..will not be able to come to office today."
ham,says the  &lt;#&gt;  year old with a man and money. I'm down to my last  &lt;#&gt; . Still waiting for that check.
spam,"Congrats! 1 year special cinema pass for 2 is yours. call 09061209465 now! C Suprman V, Matrix3, StarWars3, etc all 4 FREE! "
ham,And now electricity just went out fml.
spam,"Congrats, Your Product Order at Paytm Mall Pvt. Ltd. Is accepted. Message  Your Name Company and account number to PH 7679046492"
ham,"Aight , I'll get it later"
spam,P just made your holidays more fun. Buy any HP pavilion notebook & get a Kodak camera. Shoot it. Share it. T&C apply. HP World: WOC Rd 9986686555 / 991697439
spam,"Got what it takes 2 take part in the WRC Rally in Oz? U can with Lucozade Energy! Text RALLY LE to 61200 (25p), see packs or lucozade.co.uk/wrc & itcould be u!"
ham,Still in customer place
ham,If I was I wasn't paying attention
ham,"Nope. Since ayo travelled, he has forgotten his guy"
spam,You are being ripped off! Get your mobile content from www.clubmoby.com call 08717509990 poly/true/Pix/Ringtones/Games six downloads for only 3
ham,Ee msg na poortiyagi odalebeku: Hanumanji 7 name 1-Hanuman 2-Bajarangabali 3-Maruti 4-Pavanaputra 5-Sankatmochan 6-Ramaduth 7-Mahaveer ee 7 name  &lt;#&gt;  janarige ivatte kalisidare next saturday olage ondu good news keluviri...! Maretare inde 1 dodda problum nalli siguviri idu matra  &lt;#&gt; % true.. Don't neglet.
ham,i dnt wnt to tlk wid u
ham,I will take care of financial problem.i will help:)
spam,URGENT! Your Mobile number has been awarded with a £2000 prize GUARANTEED. Call 09061790121 from land line. Claim 3030. Valid 12hrs only 150ppm
spam,Ringtone Club: Gr8 new polys direct to your mobile every week !
ham,"A Boy loved a gal. He propsd bt she didnt mind. He gv lv lttrs, Bt her frnds threw thm. Again d boy decided 2 aproach d gal , dt time a truck was speeding towards d gal. Wn it was about 2 hit d girl,d boy ran like hell n saved her. She asked 'hw cn u run so fast?' D boy replied ""Boost is d secret of my energy"" n instantly d girl shouted ""our energy"" n Thy lived happily 2gthr drinking boost evrydy Moral of d story:- I hv free msgs:D;): gud ni8"
ham,I am on the way to tirupur.
ham,"Depends on quality. If you want the type i sent boye, faded glory, then about 6. If you want ralphs maybe 2"
ham,"Dunno, my dad said he coming home 2 bring us out 4 lunch. Yup i go w u lor. I call u when i reach school lor..."
ham,Yeah my usual guy's out of town but there're definitely people around I know
ham,I will reach ur home in  &lt;#&gt;  minutes
ham,Want to finally have lunch today?
ham,Id have to check but there's only like 1 bowls worth left
ham,Ok thanx...
ham,Guessin you ain't gonna be here before 9?
ham,Do you know when dad will be back?
ham,Oh ho. this the first time u use these type of words..I didn�t expected this...
spam,nterested to keep your Nokia secure from theft? You can with F-Secure Mobile Security. Download free trial: http://store.ovi.com/publisher/F-Secure/?cid=f
ham,It should take about  &lt;#&gt;  min
ham,"Say this slowly.? GOD,I LOVE YOU and I NEED YOU,CLEAN MY HEART WITH YOUR BLOOD.Send this to Ten special people, u c miracle tomorrow.."
ham,Its a valentine game. . . send dis msg to all ur friends. . If 5 answers r d same then someone really loves u. . Ques- which colour suits me the best?
